name;suspiciousness_value
org.joda.time$DateTime#DateTime(long,org.joda.time.DateTimeZone):160;0.17407765595569785
org.joda.time$DateTime#DateTime(int,int,int,int,int,org.joda.time.DateTimeZone):285;0.16666666666666666
org.joda.time.base$BaseDateTime#BaseDateTime(long,org.joda.time.DateTimeZone):110;0.10660035817780521
org.joda.time.tz$CachedDateTimeZone#nextTransition(long):123;0.10206207261596577
org.joda.time.base$AbstractInstant#toString():424;0.1018266349953196
org.joda.time.base$BaseDateTime#BaseDateTime(int,int,int,int,int,int,int,org.joda.time.DateTimeZone):223;0.09145661412745384
org.joda.time.format$ISODateTimeFormat#dateTime():936;0.0861727484432139
org.joda.time.format$ISODateTimeFormat#tTime():901;0.08478501284163323
org.joda.time.format$ISODateTimeFormat#time():866;0.08372183582789214
org.joda.time.format$DateTimeFormatterBuilder$Fraction#printTo(java.lang.StringBuffer,long,org.joda.time.Chronology,int,org.joda.time.DateTimeZone,java.util.Locale):1846;0.08372183582789214
org.joda.time.format$DateTimeFormatterBuilder$TimeZoneOffset#printTo(java.lang.StringBuffer,long,org.joda.time.Chronology,int,org.joda.time.DateTimeZone,java.util.Locale):2083;0.0830773163432567
org.joda.time.format$ISODateTimeFormat#hourMinuteSecondFraction():1450;0.08295018954139965
org.joda.time.format$ISODateTimeFormat#fractionElement():1659;0.08295018954139965
org.joda.time.format$DateTimeFormatterBuilder$Fraction#printTo(java.lang.StringBuffer,java.io.Writer,long,org.joda.time.Chronology):1879;0.08183170883849715
org.joda.time.field$PreciseDurationDateTimeField#remainder(long):126;0.07961173386514128
org.joda.time.format$ISODateTimeFormat#date():854;0.07808688094430304
org.joda.time.format$ISODateTimeFormat#yearMonthDay():1326;0.07756315349925287
org.joda.time.format$DateTimeFormatterBuilder$CharacterLiteral#printTo(java.lang.StringBuffer,long,org.joda.time.Chronology,int,org.joda.time.DateTimeZone,java.util.Locale):1151;0.07684732793678399
org.joda.time.format$DateTimeFormatterBuilder$PaddedNumber#printTo(java.lang.StringBuffer,long,org.joda.time.Chronology,int,org.joda.time.DateTimeZone,java.util.Locale):1408;0.07644707871564384
org.joda.time.format$DateTimeFormatterBuilder$Composite#printTo(java.lang.StringBuffer,long,org.joda.time.Chronology,int,org.joda.time.DateTimeZone,java.util.Locale):2510;0.07644707871564384
org.joda.time.format$DateTimeFormatter#print(org.joda.time.ReadableInstant):580;0.07615096238502143
org.joda.time.format$DateTimeFormatter#printTo(java.lang.StringBuffer,org.joda.time.ReadableInstant):457;0.07605301898450907
org.joda.time.format$DateTimeFormatter#printTo(java.lang.StringBuffer,long,org.joda.time.Chronology):616;0.07547319081399415
org.joda.time.format$ISODateTimeFormat#literalTElement():1621;0.07110681947099658
org.joda.time.format$DateTimeFormatterBuilder$Composite#estimatePrintedLength():2504;0.06832312780114154
org.joda.time.format$ISODateTimeFormat#offsetElement():1671;0.06721660724223312
org.joda.time.format$DateTimeFormatter#requirePrinter():655;0.06635609328057132
org.joda.time.format$DateTimeFormatterBuilder$TimeZoneOffset#estimatePrintedLength():2070;0.06565321642986127
org.joda.time.format$DateTimeFormatterBuilder$TimeZoneOffset#estimateParsedLength():2207;0.06565321642986127
org.joda.time.format$DateTimeFormatterBuilder#appendFraction(org.joda.time.DateTimeFieldType,int,int):532;0.0649722122736315
org.joda.time.format$DateTimeFormatterBuilder#appendFractionOfSecond(int,int):559;0.0649722122736315
org.joda.time.format$DateTimeFormatterBuilder$Fraction#DateTimeFormatterBuilder$Fraction(org.joda.time.DateTimeFieldType,int,int):1828;0.0649722122736315
org.joda.time.format$DateTimeFormatterBuilder$Fraction#estimatePrintedLength():1839;0.0649722122736315
org.joda.time.format$DateTimeFormatterBuilder$Fraction#estimateParsedLength():1997;0.0649722122736315
org.joda.time$DateTime#DateTime(int,int,int,int,int,int,int,org.joda.time.DateTimeZone):441;0.06495698024616309
org.joda.time.format$DateTimeFormatterBuilder#appendTimeZoneOffset(java.lang.String,boolean,int,int):1024;0.06419407387663693
org.joda.time.format$DateTimeFormatterBuilder$TimeZoneOffset#DateTimeFormatterBuilder$TimeZoneOffset(java.lang.String,java.lang.String,boolean,int,int):2054;0.06396021490668312
org.joda.time$DateTimeUtils#getInstantChronology(org.joda.time.ReadableInstant):164;0.06350006350009525
org.joda.time.format$ISODateTimeFormat#secondElement():1649;0.06277304629780309
org.joda.time.format$ISODateTimeFormat#minuteElement():1639;0.06260879033472617
org.joda.time.format$ISODateTimeFormat#hourElement():1630;0.0625
org.joda.time.format$DateTimeFormatterBuilder#appendSecondOfMinute(int):647;0.061649620239508984
org.joda.time$DateTimeUtils#getInstantMillis(org.joda.time.ReadableInstant):146;0.06128833848340777
org.joda.time.format$FormatUtils#appendPaddedInteger(java.lang.StringBuffer,int,int):50;0.06063390625908325
org.joda.time.format$DateTimeFormatterBuilder#appendMinuteOfHour(int):667;0.05929270612815711
org.joda.time.format$ISODateTimeFormat#dayOfMonthElement():1572;0.05920027784728938
org.joda.time.format$ISODateTimeFormat#monthElement():1562;0.05897108504780636
org.joda.time.format$DateTimeFormatterBuilder#appendHourOfDay(int):687;0.05860984988734227
org.joda.time.format$ISODateTimeFormat#yearElement():1553;0.05812381937190964
org.joda.time.format$DateTimeFormatter#selectChronology(org.joda.time.Chronology):915;0.05795005569646918
org.joda.time.format$DateTimeFormatterBuilder#appendMonthOfYear(int):779;0.05752237416355278
org.joda.time.format$DateTimeFormatterBuilder#appendDayOfMonth(int):737;0.056775837307834844
org.joda.time$DateTimeZone#getOffsetFromLocal(long):881;0.05613608914238398
org.joda.time.format$DateTimeFormatterBuilder#appendYear(int,int):791;0.055824219567359015
org.joda.time.format$DateTimeFormatterBuilder#appendSignedDecimal(org.joda.time.DateTimeFieldType,int,int):448;0.05510387687779838
org.joda.time.format$DateTimeFormatterBuilder$Composite#addArrayToList(java.util.List,java.lang.Object[]):2632;0.054482453421911096
org.joda.time.format$DateTimeFormatterBuilder#append(org.joda.time.format.DateTimeFormatter):209;0.05388159060803247
org.joda.time.format$DateTimeFormatterBuilder#append0(org.joda.time.format.DateTimePrinter,org.joda.time.format.DateTimeParser):345;0.05384686189633036
org.joda.time.format$DateTimeFormatter#getParser():171;0.053777605453655605
org.joda.time.format$FormatUtils#<clinit>():31;0.05357142857142857
org.joda.time.format$DateTimeFormatter#getPrinter():153;0.05353729576861872
org.joda.time.tz$DateTimeZoneBuilder$DSTZone#getOffset(long):1187;0.05251050315105037
org.joda.time.tz$DateTimeZoneBuilder$DSTZone#findMatchingRecurrence(long):1304;0.052478357140598966
org.joda.time.chrono$BasicMonthOfYearDateTimeField#add(long,int):92;0.05200314339611523
org.joda.time.tz$DateTimeZoneBuilder$DSTZone#nextTransition(long):1199;0.05175491695067657
org.joda.time.tz$DateTimeZoneBuilder$OfYear#setDayOfWeek(org.joda.time.Chronology,long):717;0.05172413793103448
org.joda.time.tz$DateTimeZoneBuilder$Recurrence#next(long,int,int):761;0.05169341375966832
org.joda.time.tz$DateTimeZoneBuilder$Recurrence#getSaveMillis():776;0.05169341375966832
org.joda.time.tz$DateTimeZoneBuilder$OfYear#next(long,int,int):549;0.05169341375966832
org.joda.time.tz$DateTimeZoneBuilder$OfYear#setDayOfMonthNext(org.joda.time.Chronology,long):672;0.05169341375966832
org.joda.time.tz$DateTimeZoneBuilder$OfYear#setDayOfMonth(org.joda.time.Chronology,long):706;0.05169341375966832
org.joda.time.format$DateTimeFormatterBuilder#appendDecimal(org.joda.time.DateTimeFieldType,int,int):396;0.05088401486645687
org.joda.time.field$BaseDateTimeField#add(long,int):253;0.05085476277156078
org.joda.time.chrono$BasicYearDateTimeField#add(long,int):58;0.050796409610894724
org.joda.time.format$DateTimeFormatterBuilder$CharacterLiteral#estimatePrintedLength():1145;0.0502518907629606
org.joda.time.format$DateTimeFormatterBuilder$CharacterLiteral#estimateParsedLength():1169;0.0502518907629606
org.joda.time.format$DateTimeFormatterBuilder$NumberFormatter#estimateParsedLength():1259;0.05013947028486567
org.joda.time.format$DateTimeFormatterBuilder#appendLiteral(char):359;0.05005564831994999
org.joda.time.format$DateTimeFormatterBuilder$CharacterLiteral#DateTimeFormatterBuilder$CharacterLiteral(char):1140;0.05005564831994999
org.joda.time.format$DateTimeFormatterBuilder$PaddedNumber#estimatePrintedLength():1401;0.049972245348957715
org.joda.time.format$DateTimeFormatterBuilder$PaddedNumber#DateTimeFormatterBuilder$PaddedNumber(org.joda.time.DateTimeFieldType,int,boolean,int):1396;0.049944536865902014
org.joda.time.format$DateTimeFormatterBuilder$NumberFormatter#DateTimeFormatterBuilder$NumberFormatter(org.joda.time.DateTimeFieldType,int,boolean):1252;0.04991687442297913
org.joda.time.format$DateTimeFormatterBuilder$Composite#isPrinter():2597;0.049861687148590024
org.joda.time.format$DateTimeFormatterBuilder$Composite#isParser():2601;0.049861687148590024
org.joda.time.format$DateTimeFormatterBuilder$Composite#DateTimeFormatterBuilder$Composite(java.util.List):2465;0.04980668251281895
org.joda.time.format$DateTimeFormatterBuilder$Composite#decompose(java.util.List,java.util.List,java.util.List):2609;0.04980668251281895
org.joda.time.format$DateTimeFormatterBuilder#toFormatter():104;0.04900286402886009
org.joda.time.format$DateTimeFormatter#DateTimeFormatter(org.joda.time.format.DateTimePrinter,org.joda.time.format.DateTimeParser):107;0.04900286402886009
org.joda.time.format$DateTimeFormatterBuilder#isPrinter(java.lang.Object):1098;0.04887264093383059
org.joda.time.format$DateTimeFormatterBuilder#isParser(java.lang.Object):1108;0.04887264093383059
org.joda.time.format$DateTimeFormatterBuilder#append0(java.lang.Object):336;0.04884672067693771
org.joda.time.field$MillisDurationField#add(long,int):117;0.048820841617808954
org.joda.time.format$DateTimeFormatterBuilder#getFormatter():1071;0.048820841617808954
org.joda.time.format$DateTimeFormatterBuilder#DateTimeFormatterBuilder():83;0.04879500364742666
org.joda.time.field$FieldUtils#safeAdd(int,int):64;0.04818694246524267
org.joda.time.field$PreciseDurationField#add(long,int):104;0.04698986172574789
org.joda.time.base$BaseDateTime#getChronology():304;0.04514469490716345
org.joda.time$DateTimeFieldType$StandardDateTimeFieldType#getField(org.joda.time.Chronology):461;0.04432905934241563
org.joda.time.field$FieldUtils#safeAdd(long,long):82;0.0440795324538175
org.joda.time.base$BaseDateTime#getMillis():295;0.04090064123619089
org.joda.time.chrono$BasicChronology#getMonthOfYear(long):435;0.03916302249939786
org.joda.time.chrono$BasicMonthOfYearDateTimeField#get(long):72;0.03904344047215152
org.joda.time.chrono$AssembledChronology#getDateTimeMillis(int,int,int,int,int,int,int):131;0.037453212707919174
org.joda.time.chrono$GJDayOfWeekDateTimeField#get(long):56;0.036949847931160996
org.joda.time.chrono$BasicChronology#getDayOfWeek(long):534;0.03683825043094511
org.joda.time.chrono$BasicGJChronology#getDaysInMonthMaxForSet(long,int):134;0.03665083330689157
org.joda.time.chrono$BasicDayOfMonthDateTimeField#getMaximumValueForSet(long,int):96;0.03665083330689157
org.joda.time.chrono$BasicChronology#getDayOfMonth(long,int):458;0.036618055688195546
org.joda.time.chrono$BasicMonthOfYearDateTimeField#set(long,int):292;0.036618055688195546
org.joda.time.chrono$BasicYearDateTimeField#set(long,int):82;0.03642321983839741
org.joda.time.field$PreciseDurationDateTimeField#set(long,int):78;0.03605310929413297
org.joda.time.field$PreciseDateTimeField#set(long,int):111;0.036042699849915955
org.joda.time.chrono$BasicChronology#getDateTimeMillis(int,int,int,int,int,int,int):167;0.03603229941690476
org.joda.time.chrono$BasicGJChronology#setYear(long,int):175;0.03601152553255078
org.joda.time.chrono$BasicDayOfMonthDateTimeField#getMinimumValue():55;0.03587736549262049
org.joda.time.base$BaseDateTime#BaseDateTime(long,org.joda.time.Chronology):124;0.03585173696910374
org.joda.time.chrono$BasicChronology#getDayOfYear(long,int):485;0.03582616328943238
org.joda.time.tz$CachedDateTimeZone#getOffset(long):111;0.035775179681291173
org.joda.time.tz$CachedDateTimeZone$Info#getOffset(long):204;0.035775179681291173
org.joda.time.tz$DateTimeZoneBuilder$PrecalculatedZone#getOffset(long):1528;0.03576500905431058
org.joda.time.tz$DateTimeZoneBuilder$PrecalculatedZone#nextTransition(long):1570;0.03576500905431058
org.joda.time.tz$CachedDateTimeZone#getInfo(long):148;0.03576500905431058
org.joda.time.tz$CachedDateTimeZone#createInfo(long):160;0.03576500905431058
org.joda.time.tz$CachedDateTimeZone$Info#CachedDateTimeZone$Info(org.joda.time.DateTimeZone,long):188;0.03576500905431058
org.joda.time.chrono$BasicChronology#getMillisOfDay(long):551;0.03564363423913181
org.joda.time$DateTimeUtils#<clinit>():35;0.03487900532075779
org.joda.time$DateTimeUtils$SystemMillisProvider#DateTimeUtils$SystemMillisProvider():393;0.03487900532075779
org.joda.time$DurationFieldType#millis():105;0.03433508017497365
org.joda.time$DurationFieldType#months():178;0.03430476221747198
org.joda.time$DurationFieldType#years():187;0.034289633324909315
org.joda.time.chrono$BasicChronology#getDayOfMonth(long):448;0.034277320867427255
org.joda.time$DurationFieldType#weeks():160;0.03426949256938314
org.joda.time.base$BaseDateTime#BaseDateTime(int,int,int,int,int,int,int,org.joda.time.Chronology):252;0.03425050329581573
org.joda.time.field$PreciseDateTimeField#getMaximumValue():131;0.03423265984407288
org.joda.time$DurationFieldType#hours():132;0.034224305320496584
org.joda.time$DurationFieldType#days():151;0.03420427939407714
org.joda.time.chrono$BasicDayOfMonthDateTimeField#get(long):47;0.034188172937891385
org.joda.time.chrono$BasicYearDateTimeField#get(long):54;0.034135016897027186
org.joda.time$DurationFieldType#seconds():114;0.03412452579235541
org.joda.time$DurationFieldType#minutes():123;0.03411955969674702
org.joda.time.field$FieldUtils#verifyValueBounds(org.joda.time.DateTimeField,int,int,int):214;0.0340645263377576
org.joda.time.chrono$BasicChronology#getDayOfMonth(long,int,int):468;0.03405574568898749
org.joda.time.chrono$AssembledChronology#getZone():107;0.03390750591813183
org.joda.time.chrono$BasicGJChronology#getMonthOfYear(long,int):88;0.03390750591813183
org.joda.time.field$PreciseDateTimeField#get(long):79;0.0338212051777377
org.joda.time.tz$ZoneInfoProvider#loadZoneData(java.lang.String):224;0.033806170189140665
org.joda.time.tz$DateTimeZoneBuilder#readFrom(java.io.InputStream,java.lang.String):95;0.033806170189140665
org.joda.time.tz$DateTimeZoneBuilder#readFrom(java.io.DataInput,java.lang.String):110;0.033806170189140665
org.joda.time.tz$DateTimeZoneBuilder#readMillis(java.io.DataInput):183;0.033806170189140665
org.joda.time.tz$DateTimeZoneBuilder$PrecalculatedZone#DateTimeZoneBuilder$PrecalculatedZone(java.lang.String,long[],int[],int[],java.lang.String[],org.joda.time.tz.DateTimeZoneBuilder$DSTZone):1500;0.033806170189140665
org.joda.time.tz$DateTimeZoneBuilder$PrecalculatedZone#readFrom(java.io.DataInput,java.lang.String):1341;0.033806170189140665
org.joda.time.tz$DateTimeZoneBuilder$DSTZone#DateTimeZoneBuilder$DSTZone(java.lang.String,int,org.joda.time.tz.DateTimeZoneBuilder$Recurrence,org.joda.time.tz.DateTimeZoneBuilder$Recurrence):1176;0.033806170189140665
org.joda.time.tz$DateTimeZoneBuilder$DSTZone#readFrom(java.io.DataInput,java.lang.String):1166;0.033806170189140665
org.joda.time.tz$DateTimeZoneBuilder$Recurrence#DateTimeZoneBuilder$Recurrence(org.joda.time.tz.DateTimeZoneBuilder$OfYear,java.lang.String,int):747;0.033806170189140665
org.joda.time.tz$DateTimeZoneBuilder$Recurrence#readFrom(java.io.DataInput):740;0.033806170189140665
org.joda.time.tz$DateTimeZoneBuilder$OfYear#DateTimeZoneBuilder$OfYear(char,int,int,int,boolean,int):504;0.033806170189140665
org.joda.time.tz$DateTimeZoneBuilder$OfYear#readFrom(java.io.DataInput):482;0.033806170189140665
org.joda.time.tz$CachedDateTimeZone#CachedDateTimeZone(org.joda.time.DateTimeZone):87;0.033806170189140665
org.joda.time.tz$CachedDateTimeZone#<clinit>():39;0.033806170189140665
org.joda.time.tz$CachedDateTimeZone#forZone(org.joda.time.DateTimeZone):68;0.033806170189140665
org.joda.time$DateTimeZone#forID(java.lang.String):204;0.03380134177089292
org.joda.time.chrono$GregorianChronology#getAverageMillisPerYearDividedByTwo():233;0.033769739961246034
org.joda.time.chrono$GregorianChronology#getApproxMillisAtEpochDividedByTwo():241;0.033769739961246034
org.joda.time.chrono$BasicChronology#getDateMidnightMillis(int,int,int):603;0.03373556005374159
org.joda.time.chrono$BasicChronology#getMaxMonth(int):682;0.03373556005374159
org.joda.time.field$FieldUtils#verifyValueBounds(org.joda.time.DateTimeFieldType,int,int,int):232;0.03372703128099659
org.joda.time.chrono$BasicGJChronology#getDaysInYearMonth(int,int):120;0.033718508973524845
org.joda.time.chrono$BasicChronology#getYear(long):399;0.03366751044324252
org.joda.time.chrono$ISOChronology#getInstanceUTC():77;0.03362518797466652
org.joda.time$DateTimeZone#getID():705;0.033557802760701215
org.joda.time$DateTimeZone#DateTimeZone(java.lang.String):688;0.033548359168911385
org.joda.time$DateTimeZone#<clinit>():95;0.033548359168911385
org.joda.time$DateTimeZone#setProvider0(org.joda.time.tz.Provider):415;0.033548359168911385
org.joda.time$DateTimeZone#getDefaultProvider():443;0.033548359168911385
org.joda.time$DateTimeZone#setNameProvider0(org.joda.time.tz.NameProvider):514;0.033548359168911385
org.joda.time$DateTimeZone#getDefaultNameProvider():529;0.033548359168911385
org.joda.time.tz$FixedDateTimeZone#FixedDateTimeZone(java.lang.String,java.lang.String,int,int):38;0.033548359168911385
org.joda.time.tz$FixedDateTimeZone#equals(java.lang.Object):88;0.033548359168911385
org.joda.time.tz$ZoneInfoProvider#ZoneInfoProvider(java.lang.String):82;0.033548359168911385
org.joda.time.tz$ZoneInfoProvider#ZoneInfoProvider(java.lang.String,java.lang.ClassLoader,boolean):106;0.033548359168911385
org.joda.time.tz$ZoneInfoProvider#getZone(java.lang.String):136;0.033548359168911385
org.joda.time.tz$ZoneInfoProvider#getAvailableIDs():174;0.033548359168911385
org.joda.time.tz$ZoneInfoProvider#openResource(java.lang.String):196;0.033548359168911385
org.joda.time.tz$ZoneInfoProvider#loadZoneInfoMap(java.io.InputStream):252;0.033548359168911385
org.joda.time.tz$ZoneInfoProvider#readZoneInfoMap(java.io.DataInputStream,java.util.Map):274;0.033548359168911385
org.joda.time.tz$DefaultNameProvider#DefaultNameProvider():39;0.033548359168911385
org.joda.time.tz$DefaultNameProvider#createCache():87;0.033548359168911385
org.joda.time.chrono$BasicGJChronology#getTotalMillisByYearMonth(int,int):139;0.03351589216265639
org.joda.time.chrono$GregorianChronology#getMinYear():221;0.03344916060384684
org.joda.time$DurationFieldType#DurationFieldType(java.lang.String):94;0.03343565439628436
org.joda.time$DurationFieldType#<clinit>():60;0.03343565439628436
org.joda.time$DurationFieldType$StandardDurationFieldType#DurationFieldType$StandardDurationFieldType(java.lang.String,byte):259;0.03343565439628436
org.joda.time.chrono$GregorianChronology#calculateFirstDayOfYearMillis(int):202;0.03334980644199064
org.joda.time.chrono$GregorianChronology#isLeapYear(int):197;0.033016908987210894
org.joda.time.base$BaseDateTime#checkInstant(long,org.joda.time.Chronology):284;0.032200409305581885
org.joda.time.chrono$BasicChronology#getYearMonthDayMillis(int,int,int):385;0.031972841723961566
org.joda.time.base$BaseDateTime#checkChronology(org.joda.time.Chronology):270;0.03185007711266894
org.joda.time.base$AbstractDateTime#AbstractDateTime():51;0.031785653921859676
org.joda.time.chrono$BasicChronology#getYearMillis(int):360;0.031531815887581874
org.joda.time.chrono$BasicChronology#getYearInfo(int):738;0.031531815887581874
org.joda.time.chrono$BasicChronology$YearInfo#BasicChronology$YearInfo(int,long):770;0.031531815887581874
org.joda.time.base$AbstractInstant#AbstractInstant():61;0.031115243011688335
org.joda.time.chrono$ISOChronology#getInstance(org.joda.time.DateTimeZone):96;0.02914407527170503
org.joda.time.chrono$GJEraDateTimeField#getDurationField():127;0.02837267954465754
org.joda.time.chrono$GJEraDateTimeField#getRangeDurationField():131;0.02837267954465754
org.joda.time.tz$CachedDateTimeZone#hashCode():131;0.02802392396036154
org.joda.time.chrono$ISOChronology#withUTC():133;0.027970280273557555
org.joda.time.field$UnsupportedDurationField#getUnitMillis():218;0.027815960308210652
org.joda.time.chrono$ZonedChronology#ZonedChronology(org.joda.time.Chronology,org.joda.time.DateTimeZone):82;0.027815960308210652
org.joda.time.chrono$ZonedChronology#getInstance(org.joda.time.Chronology,org.joda.time.DateTimeZone):56;0.027815960308210652
org.joda.time.chrono$ZonedChronology#useTimeArithmetic(org.joda.time.DurationField):72;0.027815960308210652
org.joda.time.chrono$ZonedChronology#getZone():86;0.027815960308210652
org.joda.time.chrono$ZonedChronology#assemble(org.joda.time.chrono.AssembledChronology$Fields):153;0.027815960308210652
org.joda.time.chrono$ZonedChronology#convertField(org.joda.time.DurationField,java.util.HashMap):200;0.027815960308210652
org.joda.time.chrono$ZonedChronology#convertField(org.joda.time.DateTimeField,java.util.HashMap):212;0.027815960308210652
org.joda.time.chrono$ZonedChronology$ZonedDurationField#ZonedChronology$ZonedDurationField(org.joda.time.DurationField,org.joda.time.DateTimeZone):284;0.027815960308210652
org.joda.time.chrono$ZonedChronology$ZonedDurationField#getUnitMillis():298;0.027815960308210652
org.joda.time.chrono$ZonedChronology$ZonedDateTimeField#ZonedChronology$ZonedDateTimeField(org.joda.time.DateTimeField,org.joda.time.DateTimeZone,org.joda.time.DurationField,org.joda.time.DurationField,org.joda.time.DurationField):389;0.027815960308210652
org.joda.time$DateTimeZone#hashCode():1200;0.027811178879673704
org.joda.time.field$ScaledDurationField#getUnitMillis():109;0.027811178879673704
org.joda.time.chrono$AssembledChronology#getParam():315;0.027730269999245088
org.joda.time.field$ImpreciseDateTimeField$LinkedDurationField#getUnitMillis():160;0.027603206574724395
org.joda.time$DateTimeUtils#getChronology(org.joda.time.Chronology):252;0.027331519390462633
org.joda.time.field$PreciseDurationField#hashCode():142;0.02720983504903795
org.joda.time.field$ZeroIsMaxDateTimeField#getLeapDurationField():101;0.02720983504903795
org.joda.time.chrono$BasicYearDateTimeField#getLeapDurationField():111;0.02720983504903795
org.joda.time.field$ScaledDurationField#hashCode():147;0.02720983504903795
org.joda.time.chrono$BasicMonthOfYearDateTimeField#getLeapDurationField():328;0.02720983504903795
org.joda.time.chrono$BasicWeekyearDateTimeField#getLeapDurationField():220;0.02720983504903795
org.joda.time.field$MillisDurationField#getType():49;0.027205359379125438
org.joda.time.field$BaseDateTimeField#getLeapDurationField():726;0.02719641466102106
org.joda.time.chrono$GJDayOfWeekDateTimeField#getRangeDurationField():94;0.027183014110978117
org.joda.time.field$DecoratedDateTimeField#getRangeDurationField():90;0.02716517748562517
org.joda.time.field$RemainderDateTimeField#getRangeDurationField():139;0.02716517748562517
org.joda.time.field$DecoratedDurationField#getWrappedField():69;0.02714737592572808
org.joda.time.chrono$BasicDayOfYearDateTimeField#getRangeDurationField():56;0.02714737592572808
org.joda.time.chrono$BasicWeekyearDateTimeField#getRangeDurationField():208;0.02714737592572808
org.joda.time.chrono$BasicWeekOfWeekyearDateTimeField#getRangeDurationField():58;0.02714737592572808
org.joda.time.field$BaseDurationField#getType():55;0.02713848825944775
org.joda.time.chrono$BasicDayOfMonthDateTimeField#getRangeDurationField():51;0.027111877543854402
org.joda.time.chrono$BasicMonthOfYearDateTimeField#getRangeDurationField():309;0.027111877543854402
org.joda.time.chrono$BasicYearDateTimeField#getRangeDurationField():95;0.027094180493963605
org.joda.time.chrono$ISOChronology#ISOChronology(org.joda.time.Chronology):122;0.02705448850155324
org.joda.time.chrono$ISOChronology#<clinit>():63;0.02705448850155324
org.joda.time.chrono$ISOChronology#assemble(org.joda.time.chrono.AssembledChronology$Fields):169;0.02705448850155324
org.joda.time.chrono$ISOYearOfEraDateTimeField#ISOYearOfEraDateTimeField():46;0.02705448850155324
org.joda.time.chrono$ISOYearOfEraDateTimeField#<clinit>():40;0.02705448850155324
org.joda.time.chrono$ISOYearOfEraDateTimeField#getMinimumValue():87;0.02705448850155324
org.joda.time.chrono$ISOYearOfEraDateTimeField#getMaximumValue():91;0.02705448850155324
org.joda.time.chrono$GregorianChronology#getInstanceUTC():81;0.02702812388086677
org.joda.time.field$PreciseDateTimeField#getRangeDurationField():122;0.026997462357801944
org.joda.time.chrono$BasicChronology#getZone():143;0.026958193300859603
org.joda.time.field$PreciseDurationDateTimeField#getDurationField():141;0.026901772646093246
org.joda.time.chrono$GregorianChronology#GregorianChronology(org.joda.time.Chronology,java.lang.Object,int):148;0.026751614062740812
org.joda.time.chrono$GregorianChronology#<clinit>():68;0.026751614062740812
org.joda.time.chrono$GregorianChronology#getInstance(org.joda.time.DateTimeZone):100;0.026751614062740812
org.joda.time.chrono$GregorianChronology#getInstance(org.joda.time.DateTimeZone,int):111;0.026751614062740812
org.joda.time.chrono$GregorianChronology#assemble(org.joda.time.chrono.AssembledChronology$Fields):191;0.026751614062740812
org.joda.time.chrono$GregorianChronology#getMaxYear():225;0.026751614062740812
org.joda.time.chrono$GregorianChronology#getAverageMillisPerYear():229;0.026751614062740812
org.joda.time.chrono$GregorianChronology#getAverageMillisPerMonth():237;0.026751614062740812
org.joda.time.chrono$BasicChronology#getMaxMonth():691;0.026696477899043676
org.joda.time.chrono$BasicGJChronology#BasicGJChronology(org.joda.time.Chronology,java.lang.Object,int):75;0.026696477899043676
org.joda.time.chrono$BasicGJChronology#<clinit>():42;0.026696477899043676
org.joda.time.chrono$AssembledChronology#millis():156;0.026499947000159
org.joda.time.chrono$AssembledChronology#millisOfSecond():160;0.026499947000159
org.joda.time.chrono$AssembledChronology#millisOfDay():164;0.026499947000159
org.joda.time.chrono$AssembledChronology#seconds():168;0.026499947000159
org.joda.time.chrono$AssembledChronology#secondOfMinute():172;0.026499947000159
org.joda.time.chrono$AssembledChronology#secondOfDay():176;0.026499947000159
org.joda.time.chrono$AssembledChronology#minutes():180;0.026499947000159
org.joda.time.chrono$AssembledChronology#minuteOfHour():184;0.026499947000159
org.joda.time.chrono$AssembledChronology#minuteOfDay():188;0.026499947000159
org.joda.time.chrono$AssembledChronology#hours():192;0.026499947000159
org.joda.time.chrono$AssembledChronology#hourOfDay():196;0.026499947000159
org.joda.time.chrono$AssembledChronology#clockhourOfDay():200;0.026499947000159
org.joda.time.chrono$AssembledChronology#halfdays():204;0.026499947000159
org.joda.time.chrono$AssembledChronology#hourOfHalfday():208;0.026499947000159
org.joda.time.chrono$AssembledChronology#clockhourOfHalfday():212;0.026499947000159
org.joda.time.chrono$AssembledChronology#halfdayOfDay():216;0.026499947000159
org.joda.time.chrono$AssembledChronology#days():220;0.026499947000159
org.joda.time.chrono$AssembledChronology#dayOfWeek():224;0.026499947000159
org.joda.time.chrono$AssembledChronology#dayOfMonth():228;0.026499947000159
org.joda.time.chrono$AssembledChronology#dayOfYear():232;0.026499947000159
org.joda.time.chrono$AssembledChronology#weeks():236;0.026499947000159
org.joda.time.chrono$AssembledChronology#weekOfWeekyear():240;0.026499947000159
org.joda.time.chrono$AssembledChronology#weekyears():244;0.026499947000159
org.joda.time.chrono$AssembledChronology#weekyear():248;0.026499947000159
org.joda.time.chrono$AssembledChronology#weekyearOfCentury():252;0.026499947000159
org.joda.time.chrono$AssembledChronology#months():256;0.026499947000159
org.joda.time.chrono$AssembledChronology#monthOfYear():260;0.026499947000159
org.joda.time.chrono$AssembledChronology#years():264;0.026499947000159
org.joda.time.chrono$AssembledChronology#yearOfEra():272;0.026499947000159
org.joda.time.chrono$AssembledChronology#yearOfCentury():276;0.026499947000159
org.joda.time.chrono$AssembledChronology#centuries():280;0.026499947000159
org.joda.time.chrono$AssembledChronology#centuryOfEra():284;0.026499947000159
org.joda.time.chrono$AssembledChronology#eras():288;0.026499947000159
org.joda.time.chrono$AssembledChronology#era():292;0.026499947000159
org.joda.time.chrono$AssembledChronology$Fields#copyFieldsFrom(org.joda.time.Chronology):445;0.026499947000159
org.joda.time.chrono$AssembledChronology$Fields#isSupported(org.joda.time.DurationField):558;0.026499947000159
org.joda.time.chrono$AssembledChronology$Fields#isSupported(org.joda.time.DateTimeField):562;0.026499947000159
org.joda.time.field$UnsupportedDurationField#isSupported():92;0.026499947000159
org.joda.time.chrono$AssembledChronology#year():268;0.02649581252053322
org.joda.time.chrono$BaseChronology#eras():660;0.026487549363457003
org.joda.time.chrono$AssembledChronology#AssembledChronology(org.joda.time.Chronology,java.lang.Object):99;0.026487549363457003
org.joda.time.chrono$AssembledChronology#getBase():308;0.026487549363457003
org.joda.time.chrono$AssembledChronology#setFields():319;0.026487549363457003
org.joda.time.chrono$BasicChronology#BasicChronology(org.joda.time.Chronology,java.lang.Object,int):131;0.026487549363457003
org.joda.time.chrono$BasicChronology#<clinit>():76;0.026487549363457003
org.joda.time.chrono$BasicChronology#assemble(org.joda.time.chrono.AssembledChronology$Fields):241;0.026487549363457003
org.joda.time$DateTimeFieldType#millisOfSecond():163;0.026487549363457003
org.joda.time$DateTimeFieldType#millisOfDay():172;0.026487549363457003
org.joda.time$DateTimeFieldType#minuteOfDay():208;0.026487549363457003
org.joda.time$DateTimeFieldType#hourOfDay():217;0.026487549363457003
org.joda.time$DateTimeFieldType#hourOfHalfday():235;0.026487549363457003
org.joda.time$DateTimeFieldType#clockhourOfHalfday():244;0.026487549363457003
org.joda.time$DateTimeFieldType#halfdayOfDay():253;0.026487549363457003
org.joda.time$DateTimeFieldType#dayOfWeek():263;0.026487549363457003
org.joda.time$DateTimeFieldType#dayOfYear():281;0.026487549363457003
org.joda.time$DateTimeFieldType#weekOfWeekyear():290;0.026487549363457003
org.joda.time$DateTimeFieldType#weekyear():299;0.026487549363457003
org.joda.time$DateTimeFieldType#weekyearOfCentury():308;0.026487549363457003
org.joda.time$DateTimeFieldType#monthOfYear():317;0.026487549363457003
org.joda.time$DateTimeFieldType#yearOfEra():335;0.026487549363457003
org.joda.time$DateTimeFieldType#yearOfCentury():344;0.026487549363457003
org.joda.time$DateTimeFieldType#centuryOfEra():353;0.026487549363457003
org.joda.time$DateTimeFieldType#era():362;0.026487549363457003
org.joda.time$DateTimeFieldType$StandardDateTimeFieldType#getDurationType():451;0.026487549363457003
org.joda.time$DateTimeFieldType$StandardDateTimeFieldType#getRangeDurationType():456;0.026487549363457003
org.joda.time.field$DecoratedDateTimeField#DecoratedDateTimeField(org.joda.time.DateTimeField,org.joda.time.DateTimeFieldType):54;0.026487549363457003
org.joda.time.field$DecoratedDateTimeField#getWrappedField():70;0.026487549363457003
org.joda.time.field$DecoratedDateTimeField#getDurationField():86;0.026487549363457003
org.joda.time.field$ZeroIsMaxDateTimeField#ZeroIsMaxDateTimeField(org.joda.time.DateTimeField,org.joda.time.DateTimeFieldType):45;0.026487549363457003
org.joda.time.chrono$BasicChronology$HalfdayField#BasicChronology$HalfdayField():750;0.026487549363457003
org.joda.time.chrono$AssembledChronology$Fields#AssembledChronology$Fields():436;0.026487549363457003
org.joda.time.field$ImpreciseDateTimeField#ImpreciseDateTimeField(org.joda.time.DateTimeFieldType,long):55;0.026487549363457003
org.joda.time.field$ImpreciseDateTimeField#getDurationField():137;0.026487549363457003
org.joda.time.chrono$BasicYearDateTimeField#BasicYearDateTimeField(org.joda.time.chrono.BasicChronology):45;0.026487549363457003
org.joda.time.chrono$BasicYearDateTimeField#getMaximumValue():119;0.026487549363457003
org.joda.time.field$ImpreciseDateTimeField$LinkedDurationField#ImpreciseDateTimeField$LinkedDurationField(org.joda.time.field.ImpreciseDateTimeField,org.joda.time.DurationFieldType):151;0.026487549363457003
org.joda.time.chrono$GJYearOfEraDateTimeField#GJYearOfEraDateTimeField(org.joda.time.DateTimeField,org.joda.time.chrono.BasicChronology):40;0.026487549363457003
org.joda.time.chrono$GJYearOfEraDateTimeField#getMinimumValue():93;0.026487549363457003
org.joda.time.chrono$GJYearOfEraDateTimeField#getMaximumValue():97;0.026487549363457003
org.joda.time.field$OffsetDateTimeField#OffsetDateTimeField(org.joda.time.DateTimeField,int):46;0.026487549363457003
org.joda.time.field$OffsetDateTimeField#OffsetDateTimeField(org.joda.time.DateTimeField,org.joda.time.DateTimeFieldType,int):58;0.026487549363457003
org.joda.time.field$OffsetDateTimeField#OffsetDateTimeField(org.joda.time.DateTimeField,org.joda.time.DateTimeFieldType,int,int,int):73;0.026487549363457003
org.joda.time.field$OffsetDateTimeField#getMinimumValue():174;0.026487549363457003
org.joda.time.field$OffsetDateTimeField#getMaximumValue():183;0.026487549363457003
org.joda.time.field$DividedDateTimeField#DividedDateTimeField(org.joda.time.DateTimeField,org.joda.time.DateTimeFieldType,int):56;0.026487549363457003
org.joda.time.field$DividedDateTimeField#getDurationField():182;0.026487549363457003
org.joda.time.field$RemainderDateTimeField#RemainderDateTimeField(org.joda.time.DateTimeField,org.joda.time.DateTimeFieldType,int):52;0.026487549363457003
org.joda.time.field$RemainderDateTimeField#RemainderDateTimeField(org.joda.time.field.DividedDateTimeField):76;0.026487549363457003
org.joda.time.field$RemainderDateTimeField#RemainderDateTimeField(org.joda.time.field.DividedDateTimeField,org.joda.time.DateTimeFieldType):87;0.026487549363457003
org.joda.time.field$RemainderDateTimeField#getMinimumValue():148;0.026487549363457003
org.joda.time.field$RemainderDateTimeField#getMaximumValue():158;0.026487549363457003
org.joda.time.chrono$GJEraDateTimeField#GJEraDateTimeField(org.joda.time.chrono.BasicChronology):46;0.026487549363457003
org.joda.time.chrono$GJDayOfWeekDateTimeField#GJDayOfWeekDateTimeField(org.joda.time.chrono.BasicChronology,org.joda.time.DurationField):45;0.026487549363457003
org.joda.time.chrono$BasicDayOfMonthDateTimeField#BasicDayOfMonthDateTimeField(org.joda.time.chrono.BasicChronology,org.joda.time.DurationField):41;0.026487549363457003
org.joda.time.chrono$BasicDayOfYearDateTimeField#BasicDayOfYearDateTimeField(org.joda.time.chrono.BasicChronology,org.joda.time.DurationField):41;0.026487549363457003
org.joda.time.chrono$BasicMonthOfYearDateTimeField#BasicMonthOfYearDateTimeField(org.joda.time.chrono.BasicChronology,int):51;0.026487549363457003
org.joda.time.chrono$GJMonthOfYearDateTimeField#GJMonthOfYearDateTimeField(org.joda.time.chrono.BasicChronology):37;0.026487549363457003
org.joda.time.chrono$BasicWeekyearDateTimeField#BasicWeekyearDateTimeField(org.joda.time.chrono.BasicChronology):44;0.026487549363457003
org.joda.time.chrono$BasicWeekOfWeekyearDateTimeField#BasicWeekOfWeekyearDateTimeField(org.joda.time.chrono.BasicChronology,org.joda.time.DurationField):42;0.026487549363457003
org.joda.time.field$PreciseDurationField#isPrecise():54;0.026483420682991823
org.joda.time$DateTimeFieldType#clockhourOfDay():226;0.026483420682991823
org.joda.time$DateTimeFieldType#dayOfMonth():272;0.026483420682991823
org.joda.time$DateTimeFieldType#year():326;0.026483420682991823
org.joda.time.field$UnsupportedDurationField#UnsupportedDurationField(org.joda.time.DurationFieldType):70;0.026483420682991823
org.joda.time.field$UnsupportedDurationField#getInstance(org.joda.time.DurationFieldType):49;0.026483420682991823
org.joda.time.tz$FixedDateTimeZone#hashCode():102;0.026479293932568176
org.joda.time.field$MillisDurationField#isPrecise():71;0.026479293932568176
org.joda.time.field$MillisDurationField#getUnitMillis():80;0.026479293932568176
org.joda.time.field$BaseDurationField#isSupported():66;0.026479293932568176
org.joda.time$DateTimeFieldType#minuteOfHour():199;0.026479293932568176
org.joda.time.field$BaseDateTimeField#isSupported():69;0.026475169110682793
org.joda.time.field$PreciseDurationField#getUnitMillis():63;0.026466925246521958
org.joda.time$DateTimeFieldType#secondOfDay():190;0.02646280620124816
org.joda.time.field$BaseDateTimeField#getType():58;0.02645868907851593
org.joda.time.field$PreciseDurationDateTimeField#getMinimumValue():150;0.02643813225070696
org.joda.time$Chronology#Chronology():63;0.02643402663188405
org.joda.time.chrono$BaseChronology#BaseChronology():54;0.02643402663188405
org.joda.time.field$MillisDurationField#isSupported():62;0.02640943302138176
org.joda.time.field$PreciseDurationField#PreciseDurationField(org.joda.time.DurationFieldType,long):43;0.02640534075622643
org.joda.time.field$DecoratedDurationField#DecoratedDurationField(org.joda.time.DurationField,org.joda.time.DurationFieldType):52;0.026401250392828608
org.joda.time.field$ScaledDurationField#ScaledDurationField(org.joda.time.DurationField,org.joda.time.DurationFieldType,int):47;0.026401250392828608
org.joda.time.field$PreciseDurationDateTimeField#getUnitMillis():154;0.026352313834736494
org.joda.time.field$PreciseDateTimeField#PreciseDateTimeField(org.joda.time.DateTimeFieldType,org.joda.time.DurationField,org.joda.time.DurationField):57;0.026352313834736494
org.joda.time.field$MillisDurationField#MillisDurationField():44;0.026323892873252312
org.joda.time.field$MillisDurationField#<clinit>():38;0.026323892873252312
org.joda.time.field$PreciseDurationDateTimeField#PreciseDurationDateTimeField(org.joda.time.DateTimeFieldType,org.joda.time.DurationField):48;0.0262031219677053
org.joda.time$DateTimeFieldType#secondOfMinute():181;0.026083998201989488
org.joda.time.field$BaseDateTimeField#BaseDateTimeField(org.joda.time.DateTimeFieldType):50;0.026060367819785376
org.joda.time$DateTimeField#DateTimeField():33;0.026056435663170043
org.joda.time$DurationFieldType#halfdays():141;0.026048576686769544
org.joda.time$DurationFieldType#weekyears():169;0.026048576686769544
org.joda.time$DurationFieldType#eras():205;0.026048576686769544
org.joda.time$DateTimeFieldType#DateTimeFieldType(java.lang.String):152;0.026048576686769544
org.joda.time$DateTimeFieldType#<clinit>():72;0.026048576686769544
org.joda.time$DateTimeFieldType$StandardDateTimeFieldType#DateTimeFieldType$StandardDateTimeFieldType(java.lang.String,byte,org.joda.time.DurationFieldType,org.joda.time.DurationFieldType):443;0.026048576686769544
org.joda.time$DurationFieldType#centuries():196;0.026044649864302556
org.joda.time.field$BaseDurationField#BaseDurationField(org.joda.time.DurationFieldType):47;0.026009388193559017
org.joda.time$DurationField#DurationField():30;0.025931538907315428
org.joda.time.chrono$ZonedChronology#localToUTC(long):139;0.019904685716450824
org.joda.time.chrono$ZonedChronology#getDateTimeMillis(int,int,int,int,int,int,int):119;0.01988893210439325
org.joda.time$DateTimeUtils#setCurrentMillisFixed(long):82;0.009597653852344219
org.joda.time$DateTimeUtils$FixedMillisProvider#DateTimeUtils$FixedMillisProvider(long):414;0.009597653852344219
org.joda.time$DateTimeUtils#setCurrentMillisSystem():68;0.009594119455666704
org.joda.time$DateTimeUtils#checkPermission():129;0.009594119455666704
org.joda.time$DateTimeZone#setDefault(org.joda.time.DateTimeZone):174;0.009333167411831968
org.joda.time$DateTimeZone#getDefault():133;0.008808607043028166
org.joda.time$DateTimeZone#forTimeZone(java.util.TimeZone):302;0.008808607043028166
org.joda.time$DateTimeZone#getConvertedId(java.lang.String):559;0.008808607043028166
org.joda.time$DateTimeZone#forOffsetHours(int):237;0.0
org.joda.time$DateTimeZone#forOffsetHoursMinutes(int,int):254;0.0
org.joda.time$DateTimeZone#forOffsetMillis(int):282;0.0
org.joda.time$DateTimeZone#fixedOffsetZone(java.lang.String,int):349;0.0
org.joda.time$DateTimeZone#getAvailableIDs():374;0.0
org.joda.time$DateTimeZone#getProvider():387;0.0
org.joda.time$DateTimeZone#setProvider(org.joda.time.tz.Provider):401;0.0
org.joda.time$DateTimeZone#getNameProvider():486;0.0
org.joda.time$DateTimeZone#setNameProvider(org.joda.time.tz.NameProvider):500;0.0
org.joda.time$DateTimeZone#parseOffset(java.lang.String):603;0.0
org.joda.time$DateTimeZone#printOffset(int):630;0.0
org.joda.time$DateTimeZone#offsetFormatter():669;0.0
org.joda.time$DateTimeZone#getShortName(long):728;0.0
org.joda.time$DateTimeZone#getShortName(long,java.util.Locale):743;0.0
org.joda.time$DateTimeZone#getName(long):768;0.0
org.joda.time$DateTimeZone#getName(long,java.util.Locale):783;0.0
org.joda.time$DateTimeZone#getOffset(org.joda.time.ReadableInstant):812;0.0
org.joda.time$DateTimeZone#isStandardOffset(long):843;0.0
org.joda.time$DateTimeZone#convertUTCToLocal(long):914;0.0
org.joda.time$DateTimeZone#convertLocalToUTC(long,boolean,long):941;0.0
org.joda.time$DateTimeZone#convertLocalToUTC(long,boolean):964;0.0
org.joda.time$DateTimeZone#getMillisKeepLocal(org.joda.time.DateTimeZone,long):1018;0.0
org.joda.time$DateTimeZone#isLocalDateTimeGap(org.joda.time.LocalDateTime):1135;0.0
org.joda.time$DateTimeZone#toTimeZone():1183;0.0
org.joda.time$DateTimeZone#toString():1208;0.0
org.joda.time$DateTimeZone#writeReplace():1218;0.0
org.joda.time.tz$FixedDateTimeZone#getNameKey(long):45;0.0
org.joda.time.tz$FixedDateTimeZone#getOffset(long):49;0.0
org.joda.time.tz$FixedDateTimeZone#getStandardOffset(long):53;0.0
org.joda.time.tz$FixedDateTimeZone#getOffsetFromLocal(long):57;0.0
org.joda.time.tz$FixedDateTimeZone#isFixed():61;0.0
org.joda.time.tz$FixedDateTimeZone#nextTransition(long):65;0.0
org.joda.time.tz$FixedDateTimeZone#previousTransition(long):69;0.0
org.joda.time.tz$FixedDateTimeZone#toTimeZone():77;0.0
org.joda.time.tz$ZoneInfoProvider#ZoneInfoProvider(java.io.File):56;0.0
org.joda.time.tz$ZoneInfoProvider#ZoneInfoProvider(java.lang.String,java.lang.ClassLoader):96;0.0
org.joda.time.tz$ZoneInfoProvider#uncaughtException(java.lang.Exception):183;0.0
org.joda.time.tz$DefaultNameProvider#getShortName(java.util.Locale,java.lang.String,java.lang.String):43;0.0
org.joda.time.tz$DefaultNameProvider#getName(java.util.Locale,java.lang.String,java.lang.String):48;0.0
org.joda.time.tz$DefaultNameProvider#getNameSet(java.util.Locale,java.lang.String,java.lang.String):53;0.0
org.joda.time.tz$DateTimeZoneBuilder#DateTimeZoneBuilder():225;0.0
org.joda.time.tz$DateTimeZoneBuilder#writeMillis(java.io.DataOutput,long):140;0.0
org.joda.time.tz$DateTimeZoneBuilder#buildFixedZone(java.lang.String,java.lang.String,int,int):215;0.0
org.joda.time.tz$DateTimeZoneBuilder#addCutover(int,char,int,int,int,boolean,int):252;0.0
org.joda.time.tz$DateTimeZoneBuilder#setStandardOffset(int):268;0.0
org.joda.time.tz$DateTimeZoneBuilder#setFixedSavings(java.lang.String,int):276;0.0
org.joda.time.tz$DateTimeZoneBuilder#addRecurringSavings(java.lang.String,int,int,int,char,int,int,int,boolean,int):309;0.0
org.joda.time.tz$DateTimeZoneBuilder#getLastRuleSet():320;0.0
org.joda.time.tz$DateTimeZoneBuilder#toDateTimeZone(java.lang.String,boolean):333;0.0
org.joda.time.tz$DateTimeZoneBuilder#addTransition(java.util.ArrayList,org.joda.time.tz.DateTimeZoneBuilder$Transition):404;0.0
org.joda.time.tz$DateTimeZoneBuilder#writeTo(java.lang.String,java.io.OutputStream):443;0.0
org.joda.time.tz$DateTimeZoneBuilder#writeTo(java.lang.String,java.io.DataOutput):459;0.0
org.joda.time.tz$DateTimeZoneBuilder$PrecalculatedZone#create(java.lang.String,boolean,java.util.ArrayList,org.joda.time.tz.DateTimeZoneBuilder$DSTZone):1389;0.0
org.joda.time.tz$DateTimeZoneBuilder$PrecalculatedZone#getNameKey(long):1509;0.0
org.joda.time.tz$DateTimeZoneBuilder$PrecalculatedZone#getStandardOffset(long):1547;0.0
org.joda.time.tz$DateTimeZoneBuilder$PrecalculatedZone#isFixed():1566;0.0
org.joda.time.tz$DateTimeZoneBuilder$PrecalculatedZone#previousTransition(long):1587;0.0
org.joda.time.tz$DateTimeZoneBuilder$PrecalculatedZone#equals(java.lang.Object):1619;0.0
org.joda.time.tz$DateTimeZoneBuilder$PrecalculatedZone#writeTo(java.io.DataOutput):1638;0.0
org.joda.time.tz$DateTimeZoneBuilder$PrecalculatedZone#isCachable():1690;0.0
org.joda.time.tz$DateTimeZoneBuilder$DSTZone#getNameKey(long):1183;0.0
org.joda.time.tz$DateTimeZoneBuilder$DSTZone#getStandardOffset(long):1191;0.0
org.joda.time.tz$DateTimeZoneBuilder$DSTZone#isFixed():1195;0.0
org.joda.time.tz$DateTimeZoneBuilder$DSTZone#previousTransition(long):1241;0.0
org.joda.time.tz$DateTimeZoneBuilder$DSTZone#equals(java.lang.Object):1283;0.0
org.joda.time.tz$DateTimeZoneBuilder$DSTZone#writeTo(java.io.DataOutput):1298;0.0
org.joda.time.tz$DateTimeZoneBuilder$Recurrence#getOfYear():754;0.0
org.joda.time.tz$DateTimeZoneBuilder$Recurrence#previous(long,int,int):768;0.0
org.joda.time.tz$DateTimeZoneBuilder$Recurrence#getNameKey():772;0.0
org.joda.time.tz$DateTimeZoneBuilder$Recurrence#equals(java.lang.Object):780;0.0
org.joda.time.tz$DateTimeZoneBuilder$Recurrence#writeTo(java.io.DataOutput):794;0.0
org.joda.time.tz$DateTimeZoneBuilder$Recurrence#rename(java.lang.String):800;0.0
org.joda.time.tz$DateTimeZoneBuilder$Recurrence#renameAppend(java.lang.String):804;0.0
org.joda.time.tz$DateTimeZoneBuilder$OfYear#setInstant(int,int,int):522;0.0
org.joda.time.tz$DateTimeZoneBuilder$OfYear#previous(long,int,int):591;0.0
org.joda.time.tz$DateTimeZoneBuilder$OfYear#equals(java.lang.Object):629;0.0
org.joda.time.tz$DateTimeZoneBuilder$OfYear#writeTo(java.io.DataOutput):659;0.0
org.joda.time.tz$DateTimeZoneBuilder$OfYear#setDayOfMonthPrevious(org.joda.time.Chronology,long):691;0.0
org.joda.time.tz$CachedDateTimeZone#readObject(java.io.ObjectInputStream):95;0.0
org.joda.time.tz$CachedDateTimeZone#getUncachedZone():103;0.0
org.joda.time.tz$CachedDateTimeZone#getNameKey(long):107;0.0
org.joda.time.tz$CachedDateTimeZone#getStandardOffset(long):115;0.0
org.joda.time.tz$CachedDateTimeZone#isFixed():119;0.0
org.joda.time.tz$CachedDateTimeZone#previousTransition(long):127;0.0
org.joda.time.tz$CachedDateTimeZone#equals(java.lang.Object):135;0.0
org.joda.time.chrono$BaseChronology#getDateTimeMillis(int,int,int,int):102;0.0
org.joda.time.chrono$BaseChronology#getDateTimeMillis(int,int,int,int,int,int,int):132;0.0
org.joda.time.chrono$BaseChronology#getDateTimeMillis(long,int,int,int,int):163;0.0
org.joda.time.chrono$BaseChronology#validate(org.joda.time.ReadablePartial,int[]):183;0.0
org.joda.time.chrono$BaseChronology#get(org.joda.time.ReadablePartial,long):223;0.0
org.joda.time.chrono$BaseChronology#set(org.joda.time.ReadablePartial,long):239;0.0
org.joda.time.chrono$BaseChronology#get(org.joda.time.ReadablePeriod,long,long):255;0.0
org.joda.time.chrono$BaseChronology#get(org.joda.time.ReadablePeriod,long):276;0.0
org.joda.time.chrono$BaseChronology#add(org.joda.time.ReadablePeriod,long,int):301;0.0
org.joda.time.chrono$BaseChronology#add(long,long,int):322;0.0
org.joda.time.chrono$BaseChronology#millis():337;0.0
org.joda.time.chrono$BaseChronology#millisOfSecond():346;0.0
org.joda.time.chrono$BaseChronology#millisOfDay():355;0.0
org.joda.time.chrono$BaseChronology#seconds():366;0.0
org.joda.time.chrono$BaseChronology#secondOfMinute():375;0.0
org.joda.time.chrono$BaseChronology#secondOfDay():384;0.0
org.joda.time.chrono$BaseChronology#minutes():395;0.0
org.joda.time.chrono$BaseChronology#minuteOfHour():404;0.0
org.joda.time.chrono$BaseChronology#minuteOfDay():413;0.0
org.joda.time.chrono$BaseChronology#hours():424;0.0
org.joda.time.chrono$BaseChronology#hourOfDay():433;0.0
org.joda.time.chrono$BaseChronology#clockhourOfDay():442;0.0
org.joda.time.chrono$BaseChronology#halfdays():453;0.0
org.joda.time.chrono$BaseChronology#hourOfHalfday():462;0.0
org.joda.time.chrono$BaseChronology#clockhourOfHalfday():471;0.0
org.joda.time.chrono$BaseChronology#halfdayOfDay():480;0.0
org.joda.time.chrono$BaseChronology#days():491;0.0
org.joda.time.chrono$BaseChronology#dayOfWeek():504;0.0
org.joda.time.chrono$BaseChronology#dayOfMonth():513;0.0
org.joda.time.chrono$BaseChronology#dayOfYear():522;0.0
org.joda.time.chrono$BaseChronology#weeks():533;0.0
org.joda.time.chrono$BaseChronology#weekOfWeekyear():542;0.0
org.joda.time.chrono$BaseChronology#weekyears():553;0.0
org.joda.time.chrono$BaseChronology#weekyear():562;0.0
org.joda.time.chrono$BaseChronology#weekyearOfCentury():571;0.0
org.joda.time.chrono$BaseChronology#months():582;0.0
org.joda.time.chrono$BaseChronology#monthOfYear():591;0.0
org.joda.time.chrono$BaseChronology#years():602;0.0
org.joda.time.chrono$BaseChronology#year():611;0.0
org.joda.time.chrono$BaseChronology#yearOfEra():620;0.0
org.joda.time.chrono$BaseChronology#yearOfCentury():629;0.0
org.joda.time.chrono$BaseChronology#centuries():640;0.0
org.joda.time.chrono$BaseChronology#centuryOfEra():649;0.0
org.joda.time.chrono$BaseChronology#era():669;0.0
org.joda.time.chrono$AssembledChronology#getDateTimeMillis(int,int,int,int):118;0.0
org.joda.time.chrono$AssembledChronology#getDateTimeMillis(long,int,int,int,int):146;0.0
org.joda.time.chrono$AssembledChronology#readObject(java.io.ObjectInputStream):389;0.0
org.joda.time.chrono$ISOChronology#getInstance():86;0.0
org.joda.time.chrono$ISOChronology#withZone(org.joda.time.DateTimeZone):143;0.0
org.joda.time.chrono$ISOChronology#toString():160;0.0
org.joda.time.chrono$ISOChronology#equals(java.lang.Object):190;0.0
org.joda.time.chrono$ISOChronology#hashCode():200;0.0
org.joda.time.chrono$ISOChronology#writeReplace():208;0.0
org.joda.time.chrono$BasicChronology#getDateTimeMillis(int,int,int,int):153;0.0
org.joda.time.chrono$BasicChronology#getMinimumDaysInFirstWeek():185;0.0
org.joda.time.chrono$BasicChronology#equals(java.lang.Object):196;0.0
org.joda.time.chrono$BasicChronology#hashCode():206;0.0
org.joda.time.chrono$BasicChronology#toString():217;0.0
org.joda.time.chrono$BasicChronology#getDaysInYearMax():307;0.0
org.joda.time.chrono$BasicChronology#getDaysInYear(int):317;0.0
org.joda.time.chrono$BasicChronology#getWeeksInYear(int):327;0.0
org.joda.time.chrono$BasicChronology#getFirstWeekOfYearMillis(int):339;0.0
org.joda.time.chrono$BasicChronology#getYearMonthMillis(int,int):371;0.0
org.joda.time.chrono$BasicChronology#getDayOfYear(long):477;0.0
org.joda.time.chrono$BasicChronology#getWeekyear(long):493;0.0
org.joda.time.chrono$BasicChronology#getWeekOfWeekyear(long):508;0.0
org.joda.time.chrono$BasicChronology#getWeekOfWeekyear(long,int):516;0.0
org.joda.time.chrono$BasicChronology#getDaysInMonthMax():565;0.0
org.joda.time.chrono$BasicChronology#getDaysInMonthMax(long):575;0.0
org.joda.time.chrono$BasicChronology#getDaysInMonthMaxForSet(long,int):590;0.0
org.joda.time$DurationField#subtract(long,int):209;0.0
org.joda.time$DurationField#subtract(long,long):224;0.0
org.joda.time.field$MillisDurationField#getName():53;0.0
org.joda.time.field$MillisDurationField#getValue(long):85;0.0
org.joda.time.field$MillisDurationField#getValueAsLong(long):89;0.0
org.joda.time.field$MillisDurationField#getValue(long,long):93;0.0
org.joda.time.field$MillisDurationField#getValueAsLong(long,long):97;0.0
org.joda.time.field$MillisDurationField#getMillis(int):101;0.0
org.joda.time.field$MillisDurationField#getMillis(long):105;0.0
org.joda.time.field$MillisDurationField#getMillis(int,long):109;0.0
org.joda.time.field$MillisDurationField#getMillis(long,long):113;0.0
org.joda.time.field$MillisDurationField#add(long,long):121;0.0
org.joda.time.field$MillisDurationField#getDifference(long,long):125;0.0
org.joda.time.field$MillisDurationField#getDifferenceAsLong(long,long):129;0.0
org.joda.time.field$MillisDurationField#compareTo(org.joda.time.DurationField):134;0.0
org.joda.time.field$MillisDurationField#toString():153;0.0
org.joda.time.field$MillisDurationField#readResolve():160;0.0
org.joda.time.field$BaseDurationField#getName():59;0.0
org.joda.time.field$BaseDurationField#getValue(long):79;0.0
org.joda.time.field$BaseDurationField#getValueAsLong(long):91;0.0
org.joda.time.field$BaseDurationField#getValue(long,long):111;0.0
org.joda.time.field$BaseDurationField#getMillis(int):123;0.0
org.joda.time.field$BaseDurationField#getMillis(long):135;0.0
org.joda.time.field$BaseDurationField#getDifference(long,long):141;0.0
org.joda.time.field$BaseDurationField#compareTo(org.joda.time.DurationField):146;0.0
org.joda.time.field$BaseDurationField#toString():165;0.0
org.joda.time.field$PreciseDurationField#getValueAsLong(long,long):76;0.0
org.joda.time.field$PreciseDurationField#getMillis(int,long):88;0.0
org.joda.time.field$PreciseDurationField#getMillis(long,long):100;0.0
org.joda.time.field$PreciseDurationField#add(long,long):109;0.0
org.joda.time.field$PreciseDurationField#getDifferenceAsLong(long,long):114;0.0
org.joda.time.field$PreciseDurationField#equals(java.lang.Object):127;0.0
org.joda.time$DurationFieldType#getName():216;0.0
org.joda.time$DurationFieldType#isSupported(org.joda.time.Chronology):234;0.0
org.joda.time$DurationFieldType#toString():243;0.0
org.joda.time$DurationFieldType$StandardDurationFieldType#getField(org.joda.time.Chronology):264;0.0
org.joda.time$DurationFieldType$StandardDurationFieldType#readResolve():303;0.0
org.joda.time.field$BaseDateTimeField#getName():62;0.0
org.joda.time.field$BaseDateTimeField#getAsText(long,java.util.Locale):94;0.0
org.joda.time.field$BaseDateTimeField#getAsText(long):106;0.0
org.joda.time.field$BaseDateTimeField#getAsText(org.joda.time.ReadablePartial,int,java.util.Locale):121;0.0
org.joda.time.field$BaseDateTimeField#getAsText(org.joda.time.ReadablePartial,java.util.Locale):136;0.0
org.joda.time.field$BaseDateTimeField#getAsText(int,java.util.Locale):153;0.0
org.joda.time.field$BaseDateTimeField#getAsShortText(long,java.util.Locale):168;0.0
org.joda.time.field$BaseDateTimeField#getAsShortText(long):180;0.0
org.joda.time.field$BaseDateTimeField#getAsShortText(org.joda.time.ReadablePartial,int,java.util.Locale):195;0.0
org.joda.time.field$BaseDateTimeField#getAsShortText(org.joda.time.ReadablePartial,java.util.Locale):210;0.0
org.joda.time.field$BaseDateTimeField#getAsShortText(int,java.util.Locale):227;0.0
org.joda.time.field$BaseDateTimeField#add(long,long):267;0.0
org.joda.time.field$BaseDateTimeField#add(org.joda.time.ReadablePartial,int,int[],int):298;0.0
org.joda.time.field$BaseDateTimeField#addWrapPartial(org.joda.time.ReadablePartial,int,int[],int):379;0.0
org.joda.time.field$BaseDateTimeField#addWrapField(long,int):461;0.0
org.joda.time.field$BaseDateTimeField#addWrapField(org.joda.time.ReadablePartial,int,int[],int):495;0.0
org.joda.time.field$BaseDateTimeField#getDifference(long,long):522;0.0
org.joda.time.field$BaseDateTimeField#getDifferenceAsLong(long,long):545;0.0
org.joda.time.field$BaseDateTimeField#set(org.joda.time.ReadablePartial,int,int[],int):585;0.0
org.joda.time.field$BaseDateTimeField#set(long,java.lang.String,java.util.Locale):618;0.0
org.joda.time.field$BaseDateTimeField#set(long,java.lang.String):635;0.0
org.joda.time.field$BaseDateTimeField#set(org.joda.time.ReadablePartial,int,int[],java.lang.String,java.util.Locale):654;0.0
org.joda.time.field$BaseDateTimeField#convertText(java.lang.String,java.util.Locale):668;0.0
org.joda.time.field$BaseDateTimeField#isLeap(long):704;0.0
org.joda.time.field$BaseDateTimeField#getLeapAmount(long):716;0.0
org.joda.time.field$BaseDateTimeField#getMinimumValue(long):746;0.0
org.joda.time.field$BaseDateTimeField#getMinimumValue(org.joda.time.ReadablePartial):758;0.0
org.joda.time.field$BaseDateTimeField#getMinimumValue(org.joda.time.ReadablePartial,int[]):772;0.0
org.joda.time.field$BaseDateTimeField#getMaximumValue(long):792;0.0
org.joda.time.field$BaseDateTimeField#getMaximumValue(org.joda.time.ReadablePartial):804;0.0
org.joda.time.field$BaseDateTimeField#getMaximumValue(org.joda.time.ReadablePartial,int[]):818;0.0
org.joda.time.field$BaseDateTimeField#getMaximumTextLength(java.util.Locale):829;0.0
org.joda.time.field$BaseDateTimeField#getMaximumShortTextLength(java.util.Locale):850;0.0
org.joda.time.field$BaseDateTimeField#roundCeiling(long):886;0.0
org.joda.time.field$BaseDateTimeField#roundHalfFloor(long):903;0.0
org.joda.time.field$BaseDateTimeField#roundHalfCeiling(long):927;0.0
org.joda.time.field$BaseDateTimeField#roundHalfEven(long):955;0.0
org.joda.time.field$BaseDateTimeField#remainder(long):994;0.0
org.joda.time.field$BaseDateTimeField#toString():1003;0.0
org.joda.time.field$PreciseDurationDateTimeField#isLenient():66;0.0
org.joda.time.field$PreciseDurationDateTimeField#roundFloor(long):92;0.0
org.joda.time.field$PreciseDurationDateTimeField#roundCeiling(long):109;0.0
org.joda.time.field$PreciseDurationDateTimeField#getMaximumValueForSet(long,int):163;0.0
org.joda.time.field$PreciseDateTimeField#addWrapField(long,int):95;0.0
org.joda.time.field$PreciseDateTimeField#getRange():143;0.0
org.joda.time$DateTimeFieldType#getName():377;0.0
org.joda.time$DateTimeFieldType#isSupported(org.joda.time.Chronology):409;0.0
org.joda.time$DateTimeFieldType#toString():418;0.0
org.joda.time$DateTimeFieldType$StandardDateTimeFieldType#readResolve():522;0.0
org.joda.time.field$DecoratedDateTimeField#isLenient():74;0.0
org.joda.time.field$DecoratedDateTimeField#get(long):78;0.0
org.joda.time.field$DecoratedDateTimeField#set(long,int):82;0.0
org.joda.time.field$DecoratedDateTimeField#getMinimumValue():94;0.0
org.joda.time.field$DecoratedDateTimeField#getMaximumValue():98;0.0
org.joda.time.field$DecoratedDateTimeField#roundFloor(long):102;0.0
org.joda.time.field$ZeroIsMaxDateTimeField#get(long):52;0.0
org.joda.time.field$ZeroIsMaxDateTimeField#add(long,int):60;0.0
org.joda.time.field$ZeroIsMaxDateTimeField#add(long,long):64;0.0
org.joda.time.field$ZeroIsMaxDateTimeField#addWrapField(long,int):68;0.0
org.joda.time.field$ZeroIsMaxDateTimeField#addWrapField(org.joda.time.ReadablePartial,int,int[],int):72;0.0
org.joda.time.field$ZeroIsMaxDateTimeField#getDifference(long,long):76;0.0
org.joda.time.field$ZeroIsMaxDateTimeField#getDifferenceAsLong(long,long):80;0.0
org.joda.time.field$ZeroIsMaxDateTimeField#set(long,int):84;0.0
org.joda.time.field$ZeroIsMaxDateTimeField#isLeap(long):93;0.0
org.joda.time.field$ZeroIsMaxDateTimeField#getLeapAmount(long):97;0.0
org.joda.time.field$ZeroIsMaxDateTimeField#getMinimumValue():110;0.0
org.joda.time.field$ZeroIsMaxDateTimeField#getMinimumValue(long):119;0.0
org.joda.time.field$ZeroIsMaxDateTimeField#getMinimumValue(org.joda.time.ReadablePartial):128;0.0
org.joda.time.field$ZeroIsMaxDateTimeField#getMinimumValue(org.joda.time.ReadablePartial,int[]):137;0.0
org.joda.time.field$ZeroIsMaxDateTimeField#getMaximumValue():147;0.0
org.joda.time.field$ZeroIsMaxDateTimeField#getMaximumValue(long):157;0.0
org.joda.time.field$ZeroIsMaxDateTimeField#getMaximumValue(org.joda.time.ReadablePartial):167;0.0
org.joda.time.field$ZeroIsMaxDateTimeField#getMaximumValue(org.joda.time.ReadablePartial,int[]):177;0.0
org.joda.time.field$ZeroIsMaxDateTimeField#roundFloor(long):181;0.0
org.joda.time.field$ZeroIsMaxDateTimeField#roundCeiling(long):185;0.0
org.joda.time.field$ZeroIsMaxDateTimeField#roundHalfFloor(long):189;0.0
org.joda.time.field$ZeroIsMaxDateTimeField#roundHalfCeiling(long):193;0.0
org.joda.time.field$ZeroIsMaxDateTimeField#roundHalfEven(long):197;0.0
org.joda.time.field$ZeroIsMaxDateTimeField#remainder(long):201;0.0
org.joda.time.chrono$BasicChronology$HalfdayField#getAsText(int,java.util.Locale):754;0.0
org.joda.time.chrono$BasicChronology$HalfdayField#set(long,java.lang.String,java.util.Locale):758;0.0
org.joda.time.chrono$BasicChronology$HalfdayField#getMaximumTextLength(java.util.Locale):762;0.0
org.joda.time.chrono$BasicGJChronology#getDaysInMonthMax(int):129;0.0
org.joda.time.chrono$BasicGJChronology#getYearDifference(long,long):148;0.0
org.joda.time.chrono$GregorianChronology#getInstance():90;0.0
org.joda.time.chrono$GregorianChronology#readResolve():155;0.0
org.joda.time.chrono$GregorianChronology#withUTC():171;0.0
org.joda.time.chrono$GregorianChronology#withZone(org.joda.time.DateTimeZone):181;0.0
org.joda.time.field$ImpreciseDateTimeField#getDifference(long,long):91;0.0
org.joda.time.field$ImpreciseDateTimeField#getDifferenceAsLong(long,long):118;0.0
org.joda.time.field$ImpreciseDateTimeField#getDurationUnitMillis():145;0.0
org.joda.time.chrono$BasicYearDateTimeField#isLenient():50;0.0
org.joda.time.chrono$BasicYearDateTimeField#add(long,long):67;0.0
org.joda.time.chrono$BasicYearDateTimeField#addWrapField(long,int):71;0.0
org.joda.time.chrono$BasicYearDateTimeField#getDifferenceAsLong(long,long):88;0.0
org.joda.time.chrono$BasicYearDateTimeField#isLeap(long):99;0.0
org.joda.time.chrono$BasicYearDateTimeField#getLeapAmount(long):103;0.0
org.joda.time.chrono$BasicYearDateTimeField#getMinimumValue():115;0.0
org.joda.time.chrono$BasicYearDateTimeField#roundFloor(long):123;0.0
org.joda.time.chrono$BasicYearDateTimeField#roundCeiling(long):127;0.0
org.joda.time.chrono$BasicYearDateTimeField#remainder(long):137;0.0
org.joda.time.chrono$BasicYearDateTimeField#readResolve():144;0.0
org.joda.time.field$ImpreciseDateTimeField$LinkedDurationField#isPrecise():156;0.0
org.joda.time.field$ImpreciseDateTimeField$LinkedDurationField#getValue(long,long):164;0.0
org.joda.time.field$ImpreciseDateTimeField$LinkedDurationField#getValueAsLong(long,long):169;0.0
org.joda.time.field$ImpreciseDateTimeField$LinkedDurationField#getMillis(int,long):174;0.0
org.joda.time.field$ImpreciseDateTimeField$LinkedDurationField#getMillis(long,long):178;0.0
org.joda.time.field$ImpreciseDateTimeField$LinkedDurationField#add(long,int):182;0.0
org.joda.time.field$ImpreciseDateTimeField$LinkedDurationField#add(long,long):186;0.0
org.joda.time.field$ImpreciseDateTimeField$LinkedDurationField#getDifference(long,long):190;0.0
org.joda.time.field$ImpreciseDateTimeField$LinkedDurationField#getDifferenceAsLong(long,long):195;0.0
org.joda.time.chrono$GJYearOfEraDateTimeField#get(long):45;0.0
org.joda.time.chrono$GJYearOfEraDateTimeField#add(long,int):53;0.0
org.joda.time.chrono$GJYearOfEraDateTimeField#add(long,long):57;0.0
org.joda.time.chrono$GJYearOfEraDateTimeField#addWrapField(long,int):61;0.0
org.joda.time.chrono$GJYearOfEraDateTimeField#addWrapField(org.joda.time.ReadablePartial,int,int[],int):65;0.0
org.joda.time.chrono$GJYearOfEraDateTimeField#getDifference(long,long):69;0.0
org.joda.time.chrono$GJYearOfEraDateTimeField#getDifferenceAsLong(long,long):73;0.0
org.joda.time.chrono$GJYearOfEraDateTimeField#set(long,int):85;0.0
org.joda.time.chrono$GJYearOfEraDateTimeField#roundFloor(long):101;0.0
org.joda.time.chrono$GJYearOfEraDateTimeField#roundCeiling(long):105;0.0
org.joda.time.chrono$GJYearOfEraDateTimeField#remainder(long):109;0.0
org.joda.time.chrono$GJYearOfEraDateTimeField#readResolve():116;0.0
org.joda.time.field$OffsetDateTimeField#get(long):100;0.0
org.joda.time.field$OffsetDateTimeField#add(long,int):112;0.0
org.joda.time.field$OffsetDateTimeField#add(long,long):126;0.0
org.joda.time.field$OffsetDateTimeField#addWrapField(long,int):140;0.0
org.joda.time.field$OffsetDateTimeField#set(long,int):152;0.0
org.joda.time.field$OffsetDateTimeField#isLeap(long):157;0.0
org.joda.time.field$OffsetDateTimeField#getLeapAmount(long):161;0.0
org.joda.time.field$OffsetDateTimeField#getLeapDurationField():165;0.0
org.joda.time.field$OffsetDateTimeField#roundFloor(long):187;0.0
org.joda.time.field$OffsetDateTimeField#roundCeiling(long):191;0.0
org.joda.time.field$OffsetDateTimeField#roundHalfFloor(long):195;0.0
org.joda.time.field$OffsetDateTimeField#roundHalfCeiling(long):199;0.0
org.joda.time.field$OffsetDateTimeField#roundHalfEven(long):203;0.0
org.joda.time.field$OffsetDateTimeField#remainder(long):207;0.0
org.joda.time.field$OffsetDateTimeField#getOffset():216;0.0
org.joda.time.field$DividedDateTimeField#DividedDateTimeField(org.joda.time.field.RemainderDateTimeField,org.joda.time.DateTimeFieldType):90;0.0
org.joda.time.field$DividedDateTimeField#get(long):112;0.0
org.joda.time.field$DividedDateTimeField#add(long,int):129;0.0
org.joda.time.field$DividedDateTimeField#add(long,long):141;0.0
org.joda.time.field$DividedDateTimeField#addWrapField(long,int):153;0.0
org.joda.time.field$DividedDateTimeField#getDifference(long,long):157;0.0
org.joda.time.field$DividedDateTimeField#getDifferenceAsLong(long,long):161;0.0
org.joda.time.field$DividedDateTimeField#set(long,int):173;0.0
org.joda.time.field$DividedDateTimeField#getMinimumValue():191;0.0
org.joda.time.field$DividedDateTimeField#getMaximumValue():200;0.0
org.joda.time.field$DividedDateTimeField#roundFloor(long):204;0.0
org.joda.time.field$DividedDateTimeField#remainder(long):209;0.0
org.joda.time.field$DividedDateTimeField#getDivisor():218;0.0
org.joda.time.field$DividedDateTimeField#getRemainder(int):222;0.0
org.joda.time.field$DecoratedDurationField#isPrecise():73;0.0
org.joda.time.field$DecoratedDurationField#getValueAsLong(long,long):77;0.0
org.joda.time.field$DecoratedDurationField#getMillis(int,long):81;0.0
org.joda.time.field$DecoratedDurationField#getMillis(long,long):85;0.0
org.joda.time.field$DecoratedDurationField#add(long,int):89;0.0
org.joda.time.field$DecoratedDurationField#add(long,long):93;0.0
org.joda.time.field$DecoratedDurationField#getDifferenceAsLong(long,long):97;0.0
org.joda.time.field$DecoratedDurationField#getUnitMillis():101;0.0
org.joda.time.field$ScaledDurationField#getValue(long):55;0.0
org.joda.time.field$ScaledDurationField#getValueAsLong(long):59;0.0
org.joda.time.field$ScaledDurationField#getValue(long,long):63;0.0
org.joda.time.field$ScaledDurationField#getValueAsLong(long,long):67;0.0
org.joda.time.field$ScaledDurationField#getMillis(int):71;0.0
org.joda.time.field$ScaledDurationField#getMillis(long):76;0.0
org.joda.time.field$ScaledDurationField#getMillis(int,long):81;0.0
org.joda.time.field$ScaledDurationField#getMillis(long,long):86;0.0
org.joda.time.field$ScaledDurationField#add(long,int):91;0.0
org.joda.time.field$ScaledDurationField#add(long,long):96;0.0
org.joda.time.field$ScaledDurationField#getDifference(long,long):101;0.0
org.joda.time.field$ScaledDurationField#getDifferenceAsLong(long,long):105;0.0
org.joda.time.field$ScaledDurationField#getScalar():119;0.0
org.joda.time.field$ScaledDurationField#equals(java.lang.Object):130;0.0
org.joda.time.field$RemainderDateTimeField#get(long):100;0.0
org.joda.time.field$RemainderDateTimeField#addWrapField(long,int):118;0.0
org.joda.time.field$RemainderDateTimeField#set(long,int):130;0.0
org.joda.time.field$RemainderDateTimeField#roundFloor(long):162;0.0
org.joda.time.field$RemainderDateTimeField#roundCeiling(long):166;0.0
org.joda.time.field$RemainderDateTimeField#roundHalfFloor(long):170;0.0
org.joda.time.field$RemainderDateTimeField#roundHalfCeiling(long):174;0.0
org.joda.time.field$RemainderDateTimeField#roundHalfEven(long):178;0.0
org.joda.time.field$RemainderDateTimeField#remainder(long):182;0.0
org.joda.time.field$RemainderDateTimeField#getDivisor():191;0.0
org.joda.time.field$RemainderDateTimeField#getDivided(int):195;0.0
org.joda.time.chrono$GJEraDateTimeField#isLenient():51;0.0
org.joda.time.chrono$GJEraDateTimeField#get(long):60;0.0
org.joda.time.chrono$GJEraDateTimeField#getAsText(int,java.util.Locale):68;0.0
org.joda.time.chrono$GJEraDateTimeField#set(long,int):80;0.0
org.joda.time.chrono$GJEraDateTimeField#set(long,java.lang.String,java.util.Locale):92;0.0
org.joda.time.chrono$GJEraDateTimeField#roundFloor(long):96;0.0
org.joda.time.chrono$GJEraDateTimeField#roundCeiling(long):104;0.0
org.joda.time.chrono$GJEraDateTimeField#roundHalfFloor(long):113;0.0
org.joda.time.chrono$GJEraDateTimeField#roundHalfCeiling(long):118;0.0
org.joda.time.chrono$GJEraDateTimeField#roundHalfEven(long):123;0.0
org.joda.time.chrono$GJEraDateTimeField#getMinimumValue():135;0.0
org.joda.time.chrono$GJEraDateTimeField#getMaximumValue():139;0.0
org.joda.time.chrono$GJEraDateTimeField#getMaximumTextLength(java.util.Locale):143;0.0
org.joda.time.chrono$GJEraDateTimeField#readResolve():150;0.0
org.joda.time.chrono$GJDayOfWeekDateTimeField#getAsText(int,java.util.Locale):67;0.0
org.joda.time.chrono$GJDayOfWeekDateTimeField#getAsShortText(int,java.util.Locale):78;0.0
org.joda.time.chrono$GJDayOfWeekDateTimeField#convertText(java.lang.String,java.util.Locale):90;0.0
org.joda.time.chrono$GJDayOfWeekDateTimeField#getMinimumValue():103;0.0
org.joda.time.chrono$GJDayOfWeekDateTimeField#getMaximumValue():112;0.0
org.joda.time.chrono$GJDayOfWeekDateTimeField#getMaximumTextLength(java.util.Locale):122;0.0
org.joda.time.chrono$GJDayOfWeekDateTimeField#getMaximumShortTextLength(java.util.Locale):132;0.0
org.joda.time.chrono$GJDayOfWeekDateTimeField#readResolve():139;0.0
org.joda.time.chrono$BasicDayOfMonthDateTimeField#getMaximumValue():59;0.0
org.joda.time.chrono$BasicDayOfMonthDateTimeField#getMaximumValue(long):63;0.0
org.joda.time.chrono$BasicDayOfMonthDateTimeField#getMaximumValue(org.joda.time.ReadablePartial):67;0.0
org.joda.time.chrono$BasicDayOfMonthDateTimeField#getMaximumValue(org.joda.time.ReadablePartial,int[]):79;0.0
org.joda.time.chrono$BasicDayOfMonthDateTimeField#readResolve():103;0.0
org.joda.time.chrono$BasicDayOfYearDateTimeField#get(long):52;0.0
org.joda.time.chrono$BasicDayOfYearDateTimeField#getMinimumValue():60;0.0
org.joda.time.chrono$BasicDayOfYearDateTimeField#getMaximumValue():64;0.0
org.joda.time.chrono$BasicDayOfYearDateTimeField#getMaximumValue(long):68;0.0
org.joda.time.chrono$BasicDayOfYearDateTimeField#getMaximumValue(org.joda.time.ReadablePartial):73;0.0
org.joda.time.chrono$BasicDayOfYearDateTimeField#getMaximumValue(org.joda.time.ReadablePartial,int[]):81;0.0
org.joda.time.chrono$BasicDayOfYearDateTimeField#getMaximumValueForSet(long,int):92;0.0
org.joda.time.chrono$BasicDayOfYearDateTimeField#readResolve():100;0.0
org.joda.time.chrono$BasicMonthOfYearDateTimeField#isLenient():59;0.0
org.joda.time.chrono$BasicMonthOfYearDateTimeField#add(long,long):151;0.0
org.joda.time.chrono$BasicMonthOfYearDateTimeField#add(org.joda.time.ReadablePartial,int,int[],int):206;0.0
org.joda.time.chrono$BasicMonthOfYearDateTimeField#addWrapField(long,int):232;0.0
org.joda.time.chrono$BasicMonthOfYearDateTimeField#getDifferenceAsLong(long,long):237;0.0
org.joda.time.chrono$BasicMonthOfYearDateTimeField#isLeap(long):314;0.0
org.joda.time.chrono$BasicMonthOfYearDateTimeField#getLeapAmount(long):323;0.0
org.joda.time.chrono$BasicMonthOfYearDateTimeField#getMinimumValue():333;0.0
org.joda.time.chrono$BasicMonthOfYearDateTimeField#getMaximumValue():338;0.0
org.joda.time.chrono$BasicMonthOfYearDateTimeField#roundFloor(long):343;0.0
org.joda.time.chrono$BasicMonthOfYearDateTimeField#remainder(long):350;0.0
org.joda.time.chrono$BasicMonthOfYearDateTimeField#readResolve():358;0.0
org.joda.time.chrono$GJMonthOfYearDateTimeField#getAsText(int,java.util.Locale):42;0.0
org.joda.time.chrono$GJMonthOfYearDateTimeField#getAsShortText(int,java.util.Locale):47;0.0
org.joda.time.chrono$GJMonthOfYearDateTimeField#convertText(java.lang.String,java.util.Locale):52;0.0
org.joda.time.chrono$GJMonthOfYearDateTimeField#getMaximumTextLength(java.util.Locale):57;0.0
org.joda.time.chrono$GJMonthOfYearDateTimeField#getMaximumShortTextLength(java.util.Locale):62;0.0
org.joda.time.chrono$BasicWeekyearDateTimeField#isLenient():49;0.0
org.joda.time.chrono$BasicWeekyearDateTimeField#get(long):60;0.0
org.joda.time.chrono$BasicWeekyearDateTimeField#add(long,int):72;0.0
org.joda.time.chrono$BasicWeekyearDateTimeField#add(long,long):79;0.0
org.joda.time.chrono$BasicWeekyearDateTimeField#addWrapField(long,int):92;0.0
org.joda.time.chrono$BasicWeekyearDateTimeField#getDifferenceAsLong(long,long):96;0.0
org.joda.time.chrono$BasicWeekyearDateTimeField#set(long,int):128;0.0
org.joda.time.chrono$BasicWeekyearDateTimeField#isLeap(long):212;0.0
org.joda.time.chrono$BasicWeekyearDateTimeField#getLeapAmount(long):216;0.0
org.joda.time.chrono$BasicWeekyearDateTimeField#getMinimumValue():224;0.0
org.joda.time.chrono$BasicWeekyearDateTimeField#getMaximumValue():228;0.0
org.joda.time.chrono$BasicWeekyearDateTimeField#roundFloor(long):234;0.0
org.joda.time.chrono$BasicWeekyearDateTimeField#remainder(long):243;0.0
org.joda.time.chrono$BasicWeekyearDateTimeField#readResolve():250;0.0
org.joda.time.chrono$BasicWeekOfWeekyearDateTimeField#get(long):54;0.0
org.joda.time.chrono$BasicWeekOfWeekyearDateTimeField#roundFloor(long):65;0.0
org.joda.time.chrono$BasicWeekOfWeekyearDateTimeField#roundCeiling(long):70;0.0
org.joda.time.chrono$BasicWeekOfWeekyearDateTimeField#remainder(long):75;0.0
org.joda.time.chrono$BasicWeekOfWeekyearDateTimeField#getMinimumValue():79;0.0
org.joda.time.chrono$BasicWeekOfWeekyearDateTimeField#getMaximumValue():83;0.0
org.joda.time.chrono$BasicWeekOfWeekyearDateTimeField#getMaximumValue(long):87;0.0
org.joda.time.chrono$BasicWeekOfWeekyearDateTimeField#getMaximumValue(org.joda.time.ReadablePartial):92;0.0
org.joda.time.chrono$BasicWeekOfWeekyearDateTimeField#getMaximumValue(org.joda.time.ReadablePartial,int[]):100;0.0
org.joda.time.chrono$BasicWeekOfWeekyearDateTimeField#getMaximumValueForSet(long,int):111;0.0
org.joda.time.chrono$BasicWeekOfWeekyearDateTimeField#readResolve():118;0.0
org.joda.time.field$UnsupportedDurationField#getType():79;0.0
org.joda.time.field$UnsupportedDurationField#getName():83;0.0
org.joda.time.field$UnsupportedDurationField#isPrecise():101;0.0
org.joda.time.field$UnsupportedDurationField#getValue(long):110;0.0
org.joda.time.field$UnsupportedDurationField#getValueAsLong(long):119;0.0
org.joda.time.field$UnsupportedDurationField#getValue(long,long):128;0.0
org.joda.time.field$UnsupportedDurationField#getValueAsLong(long,long):137;0.0
org.joda.time.field$UnsupportedDurationField#getMillis(int):146;0.0
org.joda.time.field$UnsupportedDurationField#getMillis(long):155;0.0
org.joda.time.field$UnsupportedDurationField#getMillis(int,long):164;0.0
org.joda.time.field$UnsupportedDurationField#getMillis(long,long):173;0.0
org.joda.time.field$UnsupportedDurationField#add(long,int):182;0.0
org.joda.time.field$UnsupportedDurationField#add(long,long):191;0.0
org.joda.time.field$UnsupportedDurationField#getDifference(long,long):200;0.0
org.joda.time.field$UnsupportedDurationField#getDifferenceAsLong(long,long):209;0.0
org.joda.time.field$UnsupportedDurationField#compareTo(org.joda.time.DurationField):227;0.0
org.joda.time.field$UnsupportedDurationField#equals(java.lang.Object):238;0.0
org.joda.time.field$UnsupportedDurationField#hashCode():256;0.0
org.joda.time.field$UnsupportedDurationField#toString():265;0.0
org.joda.time.field$UnsupportedDurationField#readResolve():272;0.0
org.joda.time.field$UnsupportedDurationField#unsupported():276;0.0
org.joda.time.chrono$ISOYearOfEraDateTimeField#get(long):50;0.0
org.joda.time.chrono$ISOYearOfEraDateTimeField#add(long,int):55;0.0
org.joda.time.chrono$ISOYearOfEraDateTimeField#add(long,long):59;0.0
org.joda.time.chrono$ISOYearOfEraDateTimeField#addWrapField(long,int):63;0.0
org.joda.time.chrono$ISOYearOfEraDateTimeField#addWrapField(org.joda.time.ReadablePartial,int,int[],int):67;0.0
org.joda.time.chrono$ISOYearOfEraDateTimeField#getDifference(long,long):71;0.0
org.joda.time.chrono$ISOYearOfEraDateTimeField#getDifferenceAsLong(long,long):75;0.0
org.joda.time.chrono$ISOYearOfEraDateTimeField#set(long,int):79;0.0
org.joda.time.chrono$ISOYearOfEraDateTimeField#roundFloor(long):95;0.0
org.joda.time.chrono$ISOYearOfEraDateTimeField#roundCeiling(long):99;0.0
org.joda.time.chrono$ISOYearOfEraDateTimeField#remainder(long):103;0.0
org.joda.time.chrono$ISOYearOfEraDateTimeField#readResolve():110;0.0
org.joda.time.base$AbstractInstant#getZone():71;0.0
org.joda.time.base$AbstractInstant#get(org.joda.time.DateTimeFieldType):89;0.0
org.joda.time.base$AbstractInstant#isSupported(org.joda.time.DateTimeFieldType):103;0.0
org.joda.time.base$AbstractInstant#get(org.joda.time.DateTimeField):124;0.0
org.joda.time.base$AbstractInstant#toInstant():137;0.0
org.joda.time.base$AbstractInstant#toDateTime():146;0.0
org.joda.time.base$AbstractInstant#toDateTimeISO():155;0.0
org.joda.time.base$AbstractInstant#toDateTime(org.joda.time.DateTimeZone):165;0.0
org.joda.time.base$AbstractInstant#toDateTime(org.joda.time.Chronology):177;0.0
org.joda.time.base$AbstractInstant#toMutableDateTime():191;0.0
org.joda.time.base$AbstractInstant#toMutableDateTimeISO():200;0.0
org.joda.time.base$AbstractInstant#toMutableDateTime(org.joda.time.DateTimeZone):210;0.0
org.joda.time.base$AbstractInstant#toMutableDateTime(org.joda.time.Chronology):222;0.0
org.joda.time.base$AbstractInstant#toDate():235;0.0
org.joda.time.base$AbstractInstant#equals(java.lang.Object):259;0.0
org.joda.time.base$AbstractInstant#hashCode():278;0.0
org.joda.time.base$AbstractInstant#compareTo(org.joda.time.ReadableInstant):296;0.0
org.joda.time.base$AbstractInstant#isAfter(long):323;0.0
org.joda.time.base$AbstractInstant#isAfterNow():333;0.0
org.joda.time.base$AbstractInstant#isAfter(org.joda.time.ReadableInstant):344;0.0
org.joda.time.base$AbstractInstant#isBefore(long):357;0.0
org.joda.time.base$AbstractInstant#isBeforeNow():367;0.0
org.joda.time.base$AbstractInstant#isBefore(org.joda.time.ReadableInstant):378;0.0
org.joda.time.base$AbstractInstant#isEqual(long):391;0.0
org.joda.time.base$AbstractInstant#isEqualNow():401;0.0
org.joda.time.base$AbstractInstant#isEqual(org.joda.time.ReadableInstant):412;0.0
org.joda.time.base$AbstractInstant#toString(org.joda.time.format.DateTimeFormatter):436;0.0
org.joda.time$DateTimeUtils#DateTimeUtils():43;0.0
org.joda.time$DateTimeUtils#currentTimeMillis():56;0.0
org.joda.time$DateTimeUtils#setCurrentMillisOffset(long):97;0.0
org.joda.time$DateTimeUtils#setCurrentMillisProvider(org.joda.time.DateTimeUtils$MillisProvider):116;0.0
org.joda.time$DateTimeUtils#getIntervalChronology(org.joda.time.ReadableInstant,org.joda.time.ReadableInstant):187;0.0
org.joda.time$DateTimeUtils#getIntervalChronology(org.joda.time.ReadableInterval):211;0.0
org.joda.time$DateTimeUtils#getReadableInterval(org.joda.time.ReadableInterval):234;0.0
org.joda.time$DateTimeUtils#getZone(org.joda.time.DateTimeZone):269;0.0
org.joda.time$DateTimeUtils#getPeriodType(org.joda.time.PeriodType):286;0.0
org.joda.time$DateTimeUtils#getDurationMillis(org.joda.time.ReadableDuration):303;0.0
org.joda.time$DateTimeUtils#isContiguous(org.joda.time.ReadablePartial):334;0.0
org.joda.time$DateTimeUtils#getDateFormatSymbols(java.util.Locale):365;0.0
org.joda.time$DateTimeUtils$SystemMillisProvider#getMillis():399;0.0
org.joda.time.field$FieldUtils#FieldUtils():36;0.0
org.joda.time.field$FieldUtils#safeNegate(int):49;0.0
org.joda.time.field$FieldUtils#safeSubtract(long,long):100;0.0
org.joda.time.field$FieldUtils#safeMultiply(int,int):119;0.0
org.joda.time.field$FieldUtils#safeMultiply(long,int):137;0.0
org.joda.time.field$FieldUtils#safeMultiply(long,long):162;0.0
org.joda.time.field$FieldUtils#safeToInt(long):184;0.0
org.joda.time.field$FieldUtils#safeMultiplyToInt(long,long):199;0.0
org.joda.time.field$FieldUtils#verifyValueBounds(java.lang.String,int,int,int):249;0.0
org.joda.time.field$FieldUtils#getWrappedValue(int,int,int,int):273;0.0
org.joda.time.field$FieldUtils#getWrappedValue(int,int,int):289;0.0
org.joda.time.field$FieldUtils#equals(java.lang.Object,java.lang.Object):318;0.0
org.joda.time.base$AbstractDateTime#get(org.joda.time.DateTimeFieldType):66;0.0
org.joda.time.base$AbstractDateTime#getEra():79;0.0
org.joda.time.base$AbstractDateTime#getCenturyOfEra():88;0.0
org.joda.time.base$AbstractDateTime#getYearOfEra():97;0.0
org.joda.time.base$AbstractDateTime#getYearOfCentury():106;0.0
org.joda.time.base$AbstractDateTime#getYear():115;0.0
org.joda.time.base$AbstractDateTime#getWeekyear():124;0.0
org.joda.time.base$AbstractDateTime#getMonthOfYear():133;0.0
org.joda.time.base$AbstractDateTime#getWeekOfWeekyear():142;0.0
org.joda.time.base$AbstractDateTime#getDayOfYear():151;0.0
org.joda.time.base$AbstractDateTime#getDayOfMonth():162;0.0
org.joda.time.base$AbstractDateTime#getDayOfWeek():173;0.0
org.joda.time.base$AbstractDateTime#getHourOfDay():183;0.0
org.joda.time.base$AbstractDateTime#getMinuteOfDay():192;0.0
org.joda.time.base$AbstractDateTime#getMinuteOfHour():201;0.0
org.joda.time.base$AbstractDateTime#getSecondOfDay():210;0.0
org.joda.time.base$AbstractDateTime#getSecondOfMinute():219;0.0
org.joda.time.base$AbstractDateTime#getMillisOfDay():228;0.0
org.joda.time.base$AbstractDateTime#getMillisOfSecond():237;0.0
org.joda.time.base$AbstractDateTime#toCalendar(java.util.Locale):259;0.0
org.joda.time.base$AbstractDateTime#toGregorianCalendar():283;0.0
org.joda.time.base$AbstractDateTime#toString(java.lang.String):297;0.0
org.joda.time.base$AbstractDateTime#toString(java.lang.String,java.util.Locale):311;0.0
org.joda.time.base$BaseDateTime#BaseDateTime():61;0.0
org.joda.time.base$BaseDateTime#BaseDateTime(org.joda.time.DateTimeZone):73;0.0
org.joda.time.base$BaseDateTime#BaseDateTime(org.joda.time.Chronology):86;0.0
org.joda.time.base$BaseDateTime#BaseDateTime(long):97;0.0
org.joda.time.base$BaseDateTime#BaseDateTime(java.lang.Object,org.joda.time.DateTimeZone):146;0.0
org.joda.time.base$BaseDateTime#BaseDateTime(java.lang.Object,org.joda.time.Chronology):168;0.0
org.joda.time.base$BaseDateTime#BaseDateTime(int,int,int,int,int,int,int):195;0.0
org.joda.time.base$BaseDateTime#setMillis(long):317;0.0
org.joda.time.base$BaseDateTime#setChronology(org.joda.time.Chronology):329;0.0
org.joda.time$DateTime#DateTime():111;0.0
org.joda.time$DateTime#DateTime(org.joda.time.DateTimeZone):123;0.0
org.joda.time$DateTime#DateTime(org.joda.time.Chronology):136;0.0
org.joda.time$DateTime#DateTime(long):147;0.0
org.joda.time$DateTime#DateTime(long,org.joda.time.Chronology):174;0.0
org.joda.time$DateTime#DateTime(java.lang.Object):195;0.0
org.joda.time$DateTime#DateTime(java.lang.Object,org.joda.time.DateTimeZone):219;0.0
org.joda.time$DateTime#DateTime(java.lang.Object,org.joda.time.Chronology):240;0.0
org.joda.time$DateTime#DateTime(int,int,int,int,int):261;0.0
org.joda.time$DateTime#DateTime(int,int,int,int,int,org.joda.time.Chronology):311;0.0
org.joda.time$DateTime#DateTime(int,int,int,int,int,int):335;0.0
org.joda.time$DateTime#DateTime(int,int,int,int,int,int,org.joda.time.DateTimeZone):361;0.0
org.joda.time$DateTime#DateTime(int,int,int,int,int,int,org.joda.time.Chronology):389;0.0
org.joda.time$DateTime#DateTime(int,int,int,int,int,int,int):414;0.0
org.joda.time$DateTime#DateTime(int,int,int,int,int,int,int,org.joda.time.Chronology):470;0.0
org.joda.time$DateTime#parse(java.lang.String):91;0.0
org.joda.time$DateTime#parse(java.lang.String,org.joda.time.format.DateTimeFormatter):102;0.0
org.joda.time$DateTime#toDateTime():481;0.0
org.joda.time$DateTime#toDateTimeISO():491;0.0
org.joda.time$DateTime#toDateTime(org.joda.time.DateTimeZone):504;0.0
org.joda.time$DateTime#toDateTime(org.joda.time.Chronology):518;0.0
org.joda.time$DateTime#withMillis(long):536;0.0
org.joda.time$DateTime#withChronology(org.joda.time.Chronology):549;0.0
org.joda.time$DateTime#withZone(org.joda.time.DateTimeZone):572;0.0
org.joda.time$DateTime#withZoneRetainFields(org.joda.time.DateTimeZone):593;0.0
org.joda.time$DateTime#withDate(int,int,int):621;0.0
org.joda.time$DateTime#withTime(int,int,int,int):647;0.0
org.joda.time$DateTime#withFields(org.joda.time.ReadablePartial):670;0.0
org.joda.time$DateTime#withField(org.joda.time.DateTimeFieldType,int):696;0.0
org.joda.time$DateTime#withFieldAdded(org.joda.time.DurationFieldType,int):722;0.0
org.joda.time$DateTime#withDurationAdded(long,int):744;0.0
org.joda.time$DateTime#withDurationAdded(org.joda.time.ReadableDuration,int):762;0.0
org.joda.time$DateTime#withPeriodAdded(org.joda.time.ReadablePeriod,int):784;0.0
org.joda.time$DateTime#plus(long):803;0.0
org.joda.time$DateTime#plus(org.joda.time.ReadableDuration):817;0.0
org.joda.time$DateTime#plus(org.joda.time.ReadablePeriod):843;0.0
org.joda.time$DateTime#plusYears(int):870;0.0
org.joda.time$DateTime#plusMonths(int):900;0.0
org.joda.time$DateTime#plusWeeks(int):926;0.0
org.joda.time$DateTime#plusDays(int):961;0.0
org.joda.time$DateTime#plusHours(int):992;0.0
org.joda.time$DateTime#plusMinutes(int):1019;0.0
org.joda.time$DateTime#plusSeconds(int):1046;0.0
org.joda.time$DateTime#plusMillis(int):1072;0.0
org.joda.time$DateTime#minus(long):1091;0.0
org.joda.time$DateTime#minus(org.joda.time.ReadableDuration):1105;0.0
org.joda.time$DateTime#minus(org.joda.time.ReadablePeriod):1132;0.0
org.joda.time$DateTime#minusYears(int):1159;0.0
org.joda.time$DateTime#minusMonths(int):1189;0.0
org.joda.time$DateTime#minusWeeks(int):1215;0.0
org.joda.time$DateTime#minusDays(int):1250;0.0
org.joda.time$DateTime#minusHours(int):1282;0.0
org.joda.time$DateTime#minusMinutes(int):1309;0.0
org.joda.time$DateTime#minusSeconds(int):1336;0.0
org.joda.time$DateTime#minusMillis(int):1363;0.0
org.joda.time$DateTime#property(org.joda.time.DateTimeFieldType):1379;0.0
org.joda.time$DateTime#toDateMidnight():1397;0.0
org.joda.time$DateTime#toYearMonthDay():1408;0.0
org.joda.time$DateTime#toTimeOfDay():1419;0.0
org.joda.time$DateTime#toLocalDateTime():1430;0.0
org.joda.time$DateTime#toLocalDate():1441;0.0
org.joda.time$DateTime#toLocalTime():1452;0.0
org.joda.time$DateTime#withEra(int):1469;0.0
org.joda.time$DateTime#withCenturyOfEra(int):1485;0.0
org.joda.time$DateTime#withYearOfEra(int):1501;0.0
org.joda.time$DateTime#withYearOfCentury(int):1517;0.0
org.joda.time$DateTime#withYear(int):1533;0.0
org.joda.time$DateTime#withWeekyear(int):1549;0.0
org.joda.time$DateTime#withMonthOfYear(int):1565;0.0
org.joda.time$DateTime#withWeekOfWeekyear(int):1581;0.0
org.joda.time$DateTime#withDayOfYear(int):1597;0.0
org.joda.time$DateTime#withDayOfMonth(int):1613;0.0
org.joda.time$DateTime#withDayOfWeek(int):1629;0.0
org.joda.time$DateTime#withHourOfDay(int):1646;0.0
org.joda.time$DateTime#withMinuteOfHour(int):1662;0.0
org.joda.time$DateTime#withSecondOfMinute(int):1678;0.0
org.joda.time$DateTime#withMillisOfSecond(int):1694;0.0
org.joda.time$DateTime#withMillisOfDay(int):1710;0.0
org.joda.time$DateTime#era():1721;0.0
org.joda.time$DateTime#centuryOfEra():1730;0.0
org.joda.time$DateTime#yearOfCentury():1739;0.0
org.joda.time$DateTime#yearOfEra():1748;0.0
org.joda.time$DateTime#year():1757;0.0
org.joda.time$DateTime#weekyear():1766;0.0
org.joda.time$DateTime#monthOfYear():1775;0.0
org.joda.time$DateTime#weekOfWeekyear():1784;0.0
org.joda.time$DateTime#dayOfYear():1793;0.0
org.joda.time$DateTime#dayOfMonth():1802;0.0
org.joda.time$DateTime#dayOfWeek():1811;0.0
org.joda.time$DateTime#hourOfDay():1822;0.0
org.joda.time$DateTime#minuteOfDay():1831;0.0
org.joda.time$DateTime#minuteOfHour():1840;0.0
org.joda.time$DateTime#secondOfDay():1849;0.0
org.joda.time$DateTime#secondOfMinute():1858;0.0
org.joda.time$DateTime#millisOfDay():1867;0.0
org.joda.time$DateTime#millisOfSecond():1876;0.0
org.joda.time.chrono$ZonedChronology#withUTC():90;0.0
org.joda.time.chrono$ZonedChronology#withZone(org.joda.time.DateTimeZone):94;0.0
org.joda.time.chrono$ZonedChronology#getDateTimeMillis(int,int,int,int):110;0.0
org.joda.time.chrono$ZonedChronology#getDateTimeMillis(long,int,int,int,int):129;0.0
org.joda.time.chrono$ZonedChronology#equals(java.lang.Object):237;0.0
org.joda.time.chrono$ZonedChronology#hashCode():256;0.0
org.joda.time.chrono$ZonedChronology#toString():265;0.0
org.joda.time.chrono$ZonedChronology$ZonedDurationField#isPrecise():294;0.0
org.joda.time.chrono$ZonedChronology$ZonedDurationField#getValue(long,long):302;0.0
org.joda.time.chrono$ZonedChronology$ZonedDurationField#getValueAsLong(long,long):306;0.0
org.joda.time.chrono$ZonedChronology$ZonedDurationField#getMillis(int,long):310;0.0
org.joda.time.chrono$ZonedChronology$ZonedDurationField#getMillis(long,long):314;0.0
org.joda.time.chrono$ZonedChronology$ZonedDurationField#add(long,int):318;0.0
org.joda.time.chrono$ZonedChronology$ZonedDurationField#add(long,long):324;0.0
org.joda.time.chrono$ZonedChronology$ZonedDurationField#getDifference(long,long):330;0.0
org.joda.time.chrono$ZonedChronology$ZonedDurationField#getDifferenceAsLong(long,long):337;0.0
org.joda.time.chrono$ZonedChronology$ZonedDurationField#getOffsetToAdd(long):344;0.0
org.joda.time.chrono$ZonedChronology$ZonedDurationField#getOffsetFromLocalToSubtract(long):354;0.0
org.joda.time.chrono$ZonedChronology$ZonedDurationField#addOffset(long):364;0.0
org.joda.time.chrono$ZonedChronology$ZonedDateTimeField#isLenient():402;0.0
org.joda.time.chrono$ZonedChronology$ZonedDateTimeField#get(long):406;0.0
org.joda.time.chrono$ZonedChronology$ZonedDateTimeField#getAsText(long,java.util.Locale):411;0.0
org.joda.time.chrono$ZonedChronology$ZonedDateTimeField#getAsShortText(long,java.util.Locale):416;0.0
org.joda.time.chrono$ZonedChronology$ZonedDateTimeField#getAsText(int,java.util.Locale):421;0.0
org.joda.time.chrono$ZonedChronology$ZonedDateTimeField#getAsShortText(int,java.util.Locale):425;0.0
org.joda.time.chrono$ZonedChronology$ZonedDateTimeField#add(long,int):429;0.0
org.joda.time.chrono$ZonedChronology$ZonedDateTimeField#add(long,long):441;0.0
org.joda.time.chrono$ZonedChronology$ZonedDateTimeField#addWrapField(long,int):453;0.0
org.joda.time.chrono$ZonedChronology$ZonedDateTimeField#set(long,int):465;0.0
org.joda.time.chrono$ZonedChronology$ZonedDateTimeField#set(long,java.lang.String,java.util.Locale):479;0.0
org.joda.time.chrono$ZonedChronology$ZonedDateTimeField#getDifference(long,long):485;0.0
org.joda.time.chrono$ZonedChronology$ZonedDateTimeField#getDifferenceAsLong(long,long):492;0.0
org.joda.time.chrono$ZonedChronology$ZonedDateTimeField#getDurationField():499;0.0
org.joda.time.chrono$ZonedChronology$ZonedDateTimeField#getRangeDurationField():503;0.0
org.joda.time.chrono$ZonedChronology$ZonedDateTimeField#isLeap(long):507;0.0
org.joda.time.chrono$ZonedChronology$ZonedDateTimeField#getLeapAmount(long):512;0.0
org.joda.time.chrono$ZonedChronology$ZonedDateTimeField#getLeapDurationField():517;0.0
org.joda.time.chrono$ZonedChronology$ZonedDateTimeField#roundFloor(long):521;0.0
org.joda.time.chrono$ZonedChronology$ZonedDateTimeField#roundCeiling(long):533;0.0
org.joda.time.chrono$ZonedChronology$ZonedDateTimeField#remainder(long):545;0.0
org.joda.time.chrono$ZonedChronology$ZonedDateTimeField#getMinimumValue():550;0.0
org.joda.time.chrono$ZonedChronology$ZonedDateTimeField#getMinimumValue(long):554;0.0
org.joda.time.chrono$ZonedChronology$ZonedDateTimeField#getMinimumValue(org.joda.time.ReadablePartial):559;0.0
org.joda.time.chrono$ZonedChronology$ZonedDateTimeField#getMinimumValue(org.joda.time.ReadablePartial,int[]):563;0.0
org.joda.time.chrono$ZonedChronology$ZonedDateTimeField#getMaximumValue():567;0.0
org.joda.time.chrono$ZonedChronology$ZonedDateTimeField#getMaximumValue(long):571;0.0
org.joda.time.chrono$ZonedChronology$ZonedDateTimeField#getMaximumValue(org.joda.time.ReadablePartial):576;0.0
org.joda.time.chrono$ZonedChronology$ZonedDateTimeField#getMaximumValue(org.joda.time.ReadablePartial,int[]):580;0.0
org.joda.time.chrono$ZonedChronology$ZonedDateTimeField#getMaximumTextLength(java.util.Locale):584;0.0
org.joda.time.chrono$ZonedChronology$ZonedDateTimeField#getMaximumShortTextLength(java.util.Locale):588;0.0
org.joda.time.chrono$ZonedChronology$ZonedDateTimeField#getOffsetToAdd(long):592;0.0
org.joda.time$DateTimeUtils$FixedMillisProvider#getMillis():423;0.0
org.joda.time.format$ISODateTimeFormat#ISODateTimeFormat():145;0.0
org.joda.time.format$ISODateTimeFormat#forFields(java.util.Collection,boolean,boolean):230;0.0
org.joda.time.format$ISODateTimeFormat#dateByMonth(org.joda.time.format.DateTimeFormatterBuilder,java.util.Collection,boolean,boolean):293;0.0
org.joda.time.format$ISODateTimeFormat#dateByOrdinal(org.joda.time.format.DateTimeFormatterBuilder,java.util.Collection,boolean,boolean):361;0.0
org.joda.time.format$ISODateTimeFormat#dateByWeek(org.joda.time.format.DateTimeFormatterBuilder,java.util.Collection,boolean,boolean):398;0.0
org.joda.time.format$ISODateTimeFormat#time(org.joda.time.format.DateTimeFormatterBuilder,java.util.Collection,boolean,boolean,boolean,boolean):470;0.0
org.joda.time.format$ISODateTimeFormat#checkNotStrictISO(java.util.Collection,boolean):535;0.0
org.joda.time.format$ISODateTimeFormat#appendSeparator(org.joda.time.format.DateTimeFormatterBuilder,boolean):549;0.0
org.joda.time.format$ISODateTimeFormat#dateParser():568;0.0
org.joda.time.format$ISODateTimeFormat#localDateParser():594;0.0
org.joda.time.format$ISODateTimeFormat#dateElementParser():611;0.0
org.joda.time.format$ISODateTimeFormat#timeParser():650;0.0
org.joda.time.format$ISODateTimeFormat#localTimeParser():675;0.0
org.joda.time.format$ISODateTimeFormat#timeElementParser():695;0.0
org.joda.time.format$ISODateTimeFormat#dateTimeParser():766;0.0
org.joda.time.format$ISODateTimeFormat#dateOptionalTimeParser():799;0.0
org.joda.time.format$ISODateTimeFormat#localDateOptionalTimeParser():833;0.0
org.joda.time.format$ISODateTimeFormat#timeNoMillis():883;0.0
org.joda.time.format$ISODateTimeFormat#tTimeNoMillis():919;0.0
org.joda.time.format$ISODateTimeFormat#dateTimeNoMillis():953;0.0
org.joda.time.format$ISODateTimeFormat#ordinalDate():970;0.0
org.joda.time.format$ISODateTimeFormat#ordinalDateTime():988;0.0
org.joda.time.format$ISODateTimeFormat#ordinalDateTimeNoMillis():1006;0.0
org.joda.time.format$ISODateTimeFormat#weekDate():1022;0.0
org.joda.time.format$ISODateTimeFormat#weekDateTime():1033;0.0
org.joda.time.format$ISODateTimeFormat#weekDateTimeNoMillis():1050;0.0
org.joda.time.format$ISODateTimeFormat#basicDate():1067;0.0
org.joda.time.format$ISODateTimeFormat#basicTime():1086;0.0
org.joda.time.format$ISODateTimeFormat#basicTimeNoMillis():1107;0.0
org.joda.time.format$ISODateTimeFormat#basicTTime():1127;0.0
org.joda.time.format$ISODateTimeFormat#basicTTimeNoMillis():1145;0.0
org.joda.time.format$ISODateTimeFormat#basicDateTime():1162;0.0
org.joda.time.format$ISODateTimeFormat#basicDateTimeNoMillis():1179;0.0
org.joda.time.format$ISODateTimeFormat#basicOrdinalDate():1196;0.0
org.joda.time.format$ISODateTimeFormat#basicOrdinalDateTime():1214;0.0
org.joda.time.format$ISODateTimeFormat#basicOrdinalDateTimeNoMillis():1232;0.0
org.joda.time.format$ISODateTimeFormat#basicWeekDate():1248;0.0
org.joda.time.format$ISODateTimeFormat#basicWeekDateTime():1267;0.0
org.joda.time.format$ISODateTimeFormat#basicWeekDateTimeNoMillis():1284;0.0
org.joda.time.format$ISODateTimeFormat#year():1300;0.0
org.joda.time.format$ISODateTimeFormat#yearMonth():1310;0.0
org.joda.time.format$ISODateTimeFormat#weekyear():1342;0.0
org.joda.time.format$ISODateTimeFormat#weekyearWeek():1352;0.0
org.joda.time.format$ISODateTimeFormat#weekyearWeekDay():1368;0.0
org.joda.time.format$ISODateTimeFormat#hour():1384;0.0
org.joda.time.format$ISODateTimeFormat#hourMinute():1394;0.0
org.joda.time.format$ISODateTimeFormat#hourMinuteSecond():1410;0.0
org.joda.time.format$ISODateTimeFormat#hourMinuteSecondMillis():1429;0.0
org.joda.time.format$ISODateTimeFormat#dateHour():1468;0.0
org.joda.time.format$ISODateTimeFormat#dateHourMinute():1485;0.0
org.joda.time.format$ISODateTimeFormat#dateHourMinuteSecond():1503;0.0
org.joda.time.format$ISODateTimeFormat#dateHourMinuteSecondMillis():1522;0.0
org.joda.time.format$ISODateTimeFormat#dateHourMinuteSecondFraction():1541;0.0
org.joda.time.format$ISODateTimeFormat#weekyearElement():1582;0.0
org.joda.time.format$ISODateTimeFormat#weekElement():1591;0.0
org.joda.time.format$ISODateTimeFormat#dayOfWeekElement():1601;0.0
org.joda.time.format$ISODateTimeFormat#dayOfYearElement():1611;0.0
org.joda.time.format$DateTimeFormatterBuilder#toPrinter():132;0.0
org.joda.time.format$DateTimeFormatterBuilder#toParser():152;0.0
org.joda.time.format$DateTimeFormatterBuilder#canBuildFormatter():167;0.0
org.joda.time.format$DateTimeFormatterBuilder#canBuildPrinter():177;0.0
org.joda.time.format$DateTimeFormatterBuilder#canBuildParser():187;0.0
org.joda.time.format$DateTimeFormatterBuilder#clear():196;0.0
org.joda.time.format$DateTimeFormatterBuilder#append(org.joda.time.format.DateTimePrinter):224;0.0
org.joda.time.format$DateTimeFormatterBuilder#append(org.joda.time.format.DateTimeParser):237;0.0
org.joda.time.format$DateTimeFormatterBuilder#append(org.joda.time.format.DateTimePrinter,org.joda.time.format.DateTimeParser):250;0.0
org.joda.time.format$DateTimeFormatterBuilder#append(org.joda.time.format.DateTimePrinter,org.joda.time.format.DateTimeParser[]):273;0.0
org.joda.time.format$DateTimeFormatterBuilder#appendOptional(org.joda.time.format.DateTimeParser):307;0.0
org.joda.time.format$DateTimeFormatterBuilder#checkParser(org.joda.time.format.DateTimeParser):319;0.0
org.joda.time.format$DateTimeFormatterBuilder#checkPrinter(org.joda.time.format.DateTimePrinter):330;0.0
org.joda.time.format$DateTimeFormatterBuilder#appendLiteral(java.lang.String):370;0.0
org.joda.time.format$DateTimeFormatterBuilder#appendFixedDecimal(org.joda.time.DateTimeFieldType,int):426;0.0
org.joda.time.format$DateTimeFormatterBuilder#appendFixedSignedDecimal(org.joda.time.DateTimeFieldType,int):478;0.0
org.joda.time.format$DateTimeFormatterBuilder#appendText(org.joda.time.DateTimeFieldType):496;0.0
org.joda.time.format$DateTimeFormatterBuilder#appendShortText(org.joda.time.DateTimeFieldType):511;0.0
org.joda.time.format$DateTimeFormatterBuilder#appendFractionOfMinute(int,int):576;0.0
org.joda.time.format$DateTimeFormatterBuilder#appendFractionOfHour(int,int):593;0.0
org.joda.time.format$DateTimeFormatterBuilder#appendFractionOfDay(int,int):610;0.0
org.joda.time.format$DateTimeFormatterBuilder#appendMillisOfSecond(int):627;0.0
org.joda.time.format$DateTimeFormatterBuilder#appendMillisOfDay(int):637;0.0
org.joda.time.format$DateTimeFormatterBuilder#appendSecondOfDay(int):657;0.0
org.joda.time.format$DateTimeFormatterBuilder#appendMinuteOfDay(int):677;0.0
org.joda.time.format$DateTimeFormatterBuilder#appendClockhourOfDay(int):697;0.0
org.joda.time.format$DateTimeFormatterBuilder#appendHourOfHalfday(int):707;0.0
org.joda.time.format$DateTimeFormatterBuilder#appendClockhourOfHalfday(int):717;0.0
org.joda.time.format$DateTimeFormatterBuilder#appendDayOfWeek(int):727;0.0
org.joda.time.format$DateTimeFormatterBuilder#appendDayOfYear(int):747;0.0
org.joda.time.format$DateTimeFormatterBuilder#appendWeekOfWeekyear(int):757;0.0
org.joda.time.format$DateTimeFormatterBuilder#appendWeekyear(int,int):769;0.0
org.joda.time.format$DateTimeFormatterBuilder#appendTwoDigitYear(int):813;0.0
org.joda.time.format$DateTimeFormatterBuilder#appendTwoDigitYear(int,boolean):831;0.0
org.joda.time.format$DateTimeFormatterBuilder#appendTwoDigitWeekyear(int):853;0.0
org.joda.time.format$DateTimeFormatterBuilder#appendTwoDigitWeekyear(int,boolean):871;0.0
org.joda.time.format$DateTimeFormatterBuilder#appendYearOfEra(int,int):883;0.0
org.joda.time.format$DateTimeFormatterBuilder#appendYearOfCentury(int,int):895;0.0
org.joda.time.format$DateTimeFormatterBuilder#appendCenturyOfEra(int,int):907;0.0
org.joda.time.format$DateTimeFormatterBuilder#appendHalfdayOfDayText():917;0.0
org.joda.time.format$DateTimeFormatterBuilder#appendDayOfWeekText():927;0.0
org.joda.time.format$DateTimeFormatterBuilder#appendDayOfWeekShortText():938;0.0
org.joda.time.format$DateTimeFormatterBuilder#appendMonthOfYearText():949;0.0
org.joda.time.format$DateTimeFormatterBuilder#appendMonthOfYearShortText():959;0.0
org.joda.time.format$DateTimeFormatterBuilder#appendEraText():969;0.0
org.joda.time.format$DateTimeFormatterBuilder#appendTimeZoneName():980;0.0
org.joda.time.format$DateTimeFormatterBuilder#appendTimeZoneShortName():991;0.0
org.joda.time.format$DateTimeFormatterBuilder#appendTimeZoneId():1001;0.0
org.joda.time.format$DateTimeFormatterBuilder#appendTimeZoneOffset(java.lang.String,java.lang.String,boolean,int,int):1051;0.0
org.joda.time.format$DateTimeFormatterBuilder#appendPattern(java.lang.String):1065;0.0
org.joda.time.format$DateTimeFormatterBuilder#isFormatter(java.lang.Object):1118;0.0
org.joda.time.format$DateTimeFormatterBuilder#appendUnknownString(java.lang.StringBuffer,int):1122;0.0
org.joda.time.format$DateTimeFormatterBuilder#printUnknownString(java.io.Writer,int):1128;0.0
org.joda.time.format$DateTimeFormatterBuilder$NumberFormatter#parseInto(org.joda.time.format.DateTimeParserBucket,java.lang.String,int):1263;0.0
org.joda.time.format$DateTimeFormatterBuilder$PaddedNumber#printTo(java.io.Writer,long,org.joda.time.Chronology,int,org.joda.time.DateTimeZone,java.util.Locale):1419;0.0
org.joda.time.format$DateTimeFormatterBuilder$PaddedNumber#printTo(java.lang.StringBuffer,org.joda.time.ReadablePartial,java.util.Locale):1427;0.0
org.joda.time.format$DateTimeFormatterBuilder$PaddedNumber#printTo(java.io.Writer,org.joda.time.ReadablePartial,java.util.Locale):1439;0.0
org.joda.time.format$DateTimeFormatter#DateTimeFormatter(org.joda.time.format.DateTimePrinter,org.joda.time.format.DateTimeParser,java.util.Locale,boolean,org.joda.time.Chronology,org.joda.time.DateTimeZone,java.lang.Integer,int):126;0.0
org.joda.time.format$DateTimeFormatter#isPrinter():144;0.0
org.joda.time.format$DateTimeFormatter#isParser():162;0.0
org.joda.time.format$DateTimeFormatter#withLocale(java.util.Locale):187;0.0
org.joda.time.format$DateTimeFormatter#getLocale():201;0.0
org.joda.time.format$DateTimeFormatter#withOffsetParsed():220;0.0
org.joda.time.format$DateTimeFormatter#isOffsetParsed():234;0.0
org.joda.time.format$DateTimeFormatter#withChronology(org.joda.time.Chronology):255;0.0
org.joda.time.format$DateTimeFormatter#getChronology():268;0.0
org.joda.time.format$DateTimeFormatter#getChronolgy():278;0.0
org.joda.time.format$DateTimeFormatter#withZoneUTC():298;0.0
org.joda.time.format$DateTimeFormatter#withZone(org.joda.time.DateTimeZone):318;0.0
org.joda.time.format$DateTimeFormatter#getZone():331;0.0
org.joda.time.format$DateTimeFormatter#withPivotYear(java.lang.Integer):365;0.0
org.joda.time.format$DateTimeFormatter#withPivotYear(int):402;0.0
org.joda.time.format$DateTimeFormatter#getPivotYear():412;0.0
org.joda.time.format$DateTimeFormatter#withDefaultYear(int):435;0.0
org.joda.time.format$DateTimeFormatter#getDefaultYear():446;0.0
org.joda.time.format$DateTimeFormatter#printTo(java.io.Writer,org.joda.time.ReadableInstant):469;0.0
org.joda.time.format$DateTimeFormatter#printTo(java.lang.Appendable,org.joda.time.ReadableInstant):482;0.0
org.joda.time.format$DateTimeFormatter#printTo(java.lang.StringBuffer,long):494;0.0
org.joda.time.format$DateTimeFormatter#printTo(java.io.Writer,long):505;0.0
org.joda.time.format$DateTimeFormatter#printTo(java.lang.Appendable,long):517;0.0
org.joda.time.format$DateTimeFormatter#printTo(java.lang.StringBuffer,org.joda.time.ReadablePartial):531;0.0
org.joda.time.format$DateTimeFormatter#printTo(java.io.Writer,org.joda.time.ReadablePartial):548;0.0
org.joda.time.format$DateTimeFormatter#printTo(java.lang.Appendable,org.joda.time.ReadablePartial):566;0.0
org.joda.time.format$DateTimeFormatter#print(long):595;0.0
org.joda.time.format$DateTimeFormatter#print(org.joda.time.ReadablePartial):610;0.0
org.joda.time.format$DateTimeFormatter#printTo(java.io.Writer,long,org.joda.time.Chronology):633;0.0
org.joda.time.format$DateTimeFormatter#parseInto(org.joda.time.ReadWritableInstant,java.lang.String,int):693;0.0
org.joda.time.format$DateTimeFormatter#parseMillis(java.lang.String):729;0.0
org.joda.time.format$DateTimeFormatter#parseLocalDate(java.lang.String):759;0.0
org.joda.time.format$DateTimeFormatter#parseLocalTime(java.lang.String):777;0.0
org.joda.time.format$DateTimeFormatter#parseLocalDateTime(java.lang.String):795;0.0
org.joda.time.format$DateTimeFormatter#parseDateTime(java.lang.String):834;0.0
org.joda.time.format$DateTimeFormatter#parseMutableDateTime(java.lang.String):873;0.0
org.joda.time.format$DateTimeFormatter#requireParser():900;0.0
org.joda.time.format$DateTimeFormatterBuilder$CharacterLiteral#printTo(java.io.Writer,long,org.joda.time.Chronology,int,org.joda.time.DateTimeZone,java.util.Locale):1157;0.0
org.joda.time.format$DateTimeFormatterBuilder$CharacterLiteral#printTo(java.lang.StringBuffer,org.joda.time.ReadablePartial,java.util.Locale):1161;0.0
org.joda.time.format$DateTimeFormatterBuilder$CharacterLiteral#printTo(java.io.Writer,org.joda.time.ReadablePartial,java.util.Locale):1165;0.0
org.joda.time.format$DateTimeFormatterBuilder$CharacterLiteral#parseInto(org.joda.time.format.DateTimeParserBucket,java.lang.String,int):1173;0.0
org.joda.time.format$DateTimeFormatterBuilder$Composite#printTo(java.io.Writer,long,org.joda.time.Chronology,int,org.joda.time.DateTimeZone,java.util.Locale):2529;0.0
org.joda.time.format$DateTimeFormatterBuilder$Composite#printTo(java.lang.StringBuffer,org.joda.time.ReadablePartial,java.util.Locale):2546;0.0
org.joda.time.format$DateTimeFormatterBuilder$Composite#printTo(java.io.Writer,org.joda.time.ReadablePartial,java.util.Locale):2563;0.0
org.joda.time.format$DateTimeFormatterBuilder$Composite#estimateParsedLength():2580;0.0
org.joda.time.format$DateTimeFormatterBuilder$Composite#parseInto(org.joda.time.format.DateTimeParserBucket,java.lang.String,int):2584;0.0
org.joda.time.format$DateTimeFormatterBuilder$MatchingParser#DateTimeFormatterBuilder$MatchingParser(org.joda.time.format.DateTimeParser[]):2648;0.0
org.joda.time.format$DateTimeFormatterBuilder$MatchingParser#estimateParsedLength():2664;0.0
org.joda.time.format$DateTimeFormatterBuilder$MatchingParser#parseInto(org.joda.time.format.DateTimeParserBucket,java.lang.String,int):2668;0.0
org.joda.time.format$DateTimeFormatterBuilder$StringLiteral#DateTimeFormatterBuilder$StringLiteral(java.lang.String):1203;0.0
org.joda.time.format$DateTimeFormatterBuilder$StringLiteral#estimatePrintedLength():1208;0.0
org.joda.time.format$DateTimeFormatterBuilder$StringLiteral#printTo(java.lang.StringBuffer,long,org.joda.time.Chronology,int,org.joda.time.DateTimeZone,java.util.Locale):1214;0.0
org.joda.time.format$DateTimeFormatterBuilder$StringLiteral#printTo(java.io.Writer,long,org.joda.time.Chronology,int,org.joda.time.DateTimeZone,java.util.Locale):1220;0.0
org.joda.time.format$DateTimeFormatterBuilder$StringLiteral#printTo(java.lang.StringBuffer,org.joda.time.ReadablePartial,java.util.Locale):1224;0.0
org.joda.time.format$DateTimeFormatterBuilder$StringLiteral#printTo(java.io.Writer,org.joda.time.ReadablePartial,java.util.Locale):1228;0.0
org.joda.time.format$DateTimeFormatterBuilder$StringLiteral#estimateParsedLength():1232;0.0
org.joda.time.format$DateTimeFormatterBuilder$StringLiteral#parseInto(org.joda.time.format.DateTimeParserBucket,java.lang.String,int):1236;0.0
org.joda.time.format$DateTimeFormatterBuilder$UnpaddedNumber#DateTimeFormatterBuilder$UnpaddedNumber(org.joda.time.DateTimeFieldType,int,boolean):1334;0.0
org.joda.time.format$DateTimeFormatterBuilder$UnpaddedNumber#estimatePrintedLength():1338;0.0
org.joda.time.format$DateTimeFormatterBuilder$UnpaddedNumber#printTo(java.lang.StringBuffer,long,org.joda.time.Chronology,int,org.joda.time.DateTimeZone,java.util.Locale):1345;0.0
org.joda.time.format$DateTimeFormatterBuilder$UnpaddedNumber#printTo(java.io.Writer,long,org.joda.time.Chronology,int,org.joda.time.DateTimeZone,java.util.Locale):1356;0.0
org.joda.time.format$DateTimeFormatterBuilder$UnpaddedNumber#printTo(java.lang.StringBuffer,org.joda.time.ReadablePartial,java.util.Locale):1364;0.0
org.joda.time.format$DateTimeFormatterBuilder$UnpaddedNumber#printTo(java.io.Writer,org.joda.time.ReadablePartial,java.util.Locale):1376;0.0
org.joda.time.tz$CachedDateTimeZone$Info#getNameKey(long):194;0.0
org.joda.time.tz$CachedDateTimeZone$Info#getStandardOffset(long):214;0.0
org.joda.time$IllegalFieldValueException#IllegalFieldValueException(org.joda.time.DateTimeFieldType,java.lang.Number,java.lang.Number,java.lang.Number):108;0.0
org.joda.time$IllegalFieldValueException#IllegalFieldValueException(org.joda.time.DateTimeFieldType,java.lang.Number,java.lang.String):129;0.0
org.joda.time$IllegalFieldValueException#IllegalFieldValueException(org.joda.time.DurationFieldType,java.lang.Number,java.lang.Number,java.lang.Number):150;0.0
org.joda.time$IllegalFieldValueException#IllegalFieldValueException(java.lang.String,java.lang.Number,java.lang.Number,java.lang.Number):171;0.0
org.joda.time$IllegalFieldValueException#IllegalFieldValueException(org.joda.time.DateTimeFieldType,java.lang.String):189;0.0
org.joda.time$IllegalFieldValueException#IllegalFieldValueException(org.joda.time.DurationFieldType,java.lang.String):207;0.0
org.joda.time$IllegalFieldValueException#IllegalFieldValueException(java.lang.String,java.lang.String):225;0.0
org.joda.time$IllegalFieldValueException#createMessage(java.lang.String,java.lang.Number,java.lang.Number,java.lang.Number,java.lang.String):41;0.0
org.joda.time$IllegalFieldValueException#createMessage(java.lang.String,java.lang.String):74;0.0
org.joda.time$IllegalFieldValueException#getDateTimeFieldType():243;0.0
org.joda.time$IllegalFieldValueException#getDurationFieldType():252;0.0
org.joda.time$IllegalFieldValueException#getFieldName():261;0.0
org.joda.time$IllegalFieldValueException#getIllegalNumberValue():270;0.0
org.joda.time$IllegalFieldValueException#getIllegalStringValue():279;0.0
org.joda.time$IllegalFieldValueException#getIllegalValueAsString():288;0.0
org.joda.time$IllegalFieldValueException#getLowerBound():301;0.0
org.joda.time$IllegalFieldValueException#getUpperBound():310;0.0
org.joda.time$IllegalFieldValueException#getMessage():314;0.0
org.joda.time$IllegalFieldValueException#prependMessage(java.lang.String):323;0.0
org.joda.time.format$FormatUtils#FormatUtils():36;0.0
org.joda.time.format$FormatUtils#appendPaddedInteger(java.lang.StringBuffer,long,int):105;0.0
org.joda.time.format$FormatUtils#writePaddedInteger(java.io.Writer,int,int):144;0.0
org.joda.time.format$FormatUtils#writePaddedInteger(java.io.Writer,long,int):201;0.0
org.joda.time.format$FormatUtils#appendUnpaddedInteger(java.lang.StringBuffer,int):236;0.0
org.joda.time.format$FormatUtils#appendUnpaddedInteger(java.lang.StringBuffer,long):269;0.0
org.joda.time.format$FormatUtils#writeUnpaddedInteger(java.io.Writer,int):288;0.0
org.joda.time.format$FormatUtils#writeUnpaddedInteger(java.io.Writer,long):323;0.0
org.joda.time.format$FormatUtils#calculateDigitCount(long):336;0.0
org.joda.time.format$FormatUtils#parseTwoDigits(java.lang.String,int):352;0.0
org.joda.time.format$FormatUtils#createErrorMessage(java.lang.String,int):357;0.0
org.joda.time.format$DateTimeFormatterBuilder$Fraction#printTo(java.io.Writer,long,org.joda.time.Chronology,int,org.joda.time.DateTimeZone,java.util.Locale):1855;0.0
org.joda.time.format$DateTimeFormatterBuilder$Fraction#printTo(java.lang.StringBuffer,org.joda.time.ReadablePartial,java.util.Locale):1861;0.0
org.joda.time.format$DateTimeFormatterBuilder$Fraction#printTo(java.io.Writer,org.joda.time.ReadablePartial,java.util.Locale):1872;0.0
org.joda.time.format$DateTimeFormatterBuilder$Fraction#getFractionData(long,org.joda.time.DateTimeField):1961;0.0
org.joda.time.format$DateTimeFormatterBuilder$Fraction#parseInto(org.joda.time.format.DateTimeParserBucket,java.lang.String,int):2001;0.0
org.joda.time.format$DateTimeFormatterBuilder$TimeZoneOffset#printTo(java.io.Writer,long,org.joda.time.Chronology,int,org.joda.time.DateTimeZone,java.util.Locale):2142;0.0
org.joda.time.format$DateTimeFormatterBuilder$TimeZoneOffset#printTo(java.lang.StringBuffer,org.joda.time.ReadablePartial,java.util.Locale):2200;0.0
org.joda.time.format$DateTimeFormatterBuilder$TimeZoneOffset#printTo(java.io.Writer,org.joda.time.ReadablePartial,java.util.Locale):2204;0.0
org.joda.time.format$DateTimeFormatterBuilder$TimeZoneOffset#parseInto(org.joda.time.format.DateTimeParserBucket,java.lang.String,int):2211;0.0
org.joda.time.format$DateTimeFormatterBuilder$TimeZoneOffset#digitCount(java.lang.String,int,int):2386;0.0
org.joda.time.chrono$ISOChronology$Stub#ISOChronology$Stub(org.joda.time.DateTimeZone):216;0.0
org.joda.time.chrono$ISOChronology$Stub#readResolve():221;0.0
org.joda.time.chrono$ISOChronology$Stub#writeObject(java.io.ObjectOutputStream):225;0.0
org.joda.time.chrono$ISOChronology$Stub#readObject(java.io.ObjectInputStream):231;0.0
org.joda.time$DateTimeZone$Stub#DateTimeZone$Stub(java.lang.String):1234;0.0
org.joda.time$DateTimeZone$Stub#writeObject(java.io.ObjectOutputStream):1239;0.0
org.joda.time$DateTimeZone$Stub#readObject(java.io.ObjectInputStream):1243;0.0
org.joda.time$DateTimeZone$Stub#readResolve():1247;0.0
org.joda.time.field$UnsupportedDateTimeField#UnsupportedDateTimeField(org.joda.time.DateTimeFieldType,org.joda.time.DurationField):82;0.0
org.joda.time.field$UnsupportedDateTimeField#getInstance(org.joda.time.DateTimeFieldType,org.joda.time.DurationField):55;0.0
org.joda.time.field$UnsupportedDateTimeField#getType():95;0.0
org.joda.time.field$UnsupportedDateTimeField#getName():99;0.0
org.joda.time.field$UnsupportedDateTimeField#isSupported():108;0.0
org.joda.time.field$UnsupportedDateTimeField#isLenient():117;0.0
org.joda.time.field$UnsupportedDateTimeField#get(long):126;0.0
org.joda.time.field$UnsupportedDateTimeField#getAsText(long,java.util.Locale):135;0.0
org.joda.time.field$UnsupportedDateTimeField#getAsText(long):144;0.0
org.joda.time.field$UnsupportedDateTimeField#getAsText(org.joda.time.ReadablePartial,int,java.util.Locale):153;0.0
org.joda.time.field$UnsupportedDateTimeField#getAsText(org.joda.time.ReadablePartial,java.util.Locale):162;0.0
org.joda.time.field$UnsupportedDateTimeField#getAsText(int,java.util.Locale):171;0.0
org.joda.time.field$UnsupportedDateTimeField#getAsShortText(long,java.util.Locale):180;0.0
org.joda.time.field$UnsupportedDateTimeField#getAsShortText(long):189;0.0
org.joda.time.field$UnsupportedDateTimeField#getAsShortText(org.joda.time.ReadablePartial,int,java.util.Locale):198;0.0
org.joda.time.field$UnsupportedDateTimeField#getAsShortText(org.joda.time.ReadablePartial,java.util.Locale):207;0.0
org.joda.time.field$UnsupportedDateTimeField#getAsShortText(int,java.util.Locale):216;0.0
org.joda.time.field$UnsupportedDateTimeField#add(long,int):225;0.0
org.joda.time.field$UnsupportedDateTimeField#add(long,long):234;0.0
org.joda.time.field$UnsupportedDateTimeField#add(org.joda.time.ReadablePartial,int,int[],int):243;0.0
org.joda.time.field$UnsupportedDateTimeField#addWrapPartial(org.joda.time.ReadablePartial,int,int[],int):252;0.0
org.joda.time.field$UnsupportedDateTimeField#addWrapField(long,int):261;0.0
org.joda.time.field$UnsupportedDateTimeField#addWrapField(org.joda.time.ReadablePartial,int,int[],int):270;0.0
org.joda.time.field$UnsupportedDateTimeField#getDifference(long,long):279;0.0
org.joda.time.field$UnsupportedDateTimeField#getDifferenceAsLong(long,long):288;0.0
org.joda.time.field$UnsupportedDateTimeField#set(long,int):297;0.0
org.joda.time.field$UnsupportedDateTimeField#set(org.joda.time.ReadablePartial,int,int[],int):306;0.0
org.joda.time.field$UnsupportedDateTimeField#set(long,java.lang.String,java.util.Locale):315;0.0
org.joda.time.field$UnsupportedDateTimeField#set(long,java.lang.String):324;0.0
org.joda.time.field$UnsupportedDateTimeField#set(org.joda.time.ReadablePartial,int,int[],java.lang.String,java.util.Locale):333;0.0
org.joda.time.field$UnsupportedDateTimeField#getDurationField():343;0.0
org.joda.time.field$UnsupportedDateTimeField#getRangeDurationField():352;0.0
org.joda.time.field$UnsupportedDateTimeField#isLeap(long):361;0.0
org.joda.time.field$UnsupportedDateTimeField#getLeapAmount(long):370;0.0
org.joda.time.field$UnsupportedDateTimeField#getLeapDurationField():379;0.0
org.joda.time.field$UnsupportedDateTimeField#getMinimumValue():388;0.0
org.joda.time.field$UnsupportedDateTimeField#getMinimumValue(long):397;0.0
org.joda.time.field$UnsupportedDateTimeField#getMinimumValue(org.joda.time.ReadablePartial):406;0.0
org.joda.time.field$UnsupportedDateTimeField#getMinimumValue(org.joda.time.ReadablePartial,int[]):415;0.0
org.joda.time.field$UnsupportedDateTimeField#getMaximumValue():424;0.0
org.joda.time.field$UnsupportedDateTimeField#getMaximumValue(long):433;0.0
org.joda.time.field$UnsupportedDateTimeField#getMaximumValue(org.joda.time.ReadablePartial):442;0.0
org.joda.time.field$UnsupportedDateTimeField#getMaximumValue(org.joda.time.ReadablePartial,int[]):451;0.0
org.joda.time.field$UnsupportedDateTimeField#getMaximumTextLength(java.util.Locale):460;0.0
org.joda.time.field$UnsupportedDateTimeField#getMaximumShortTextLength(java.util.Locale):469;0.0
org.joda.time.field$UnsupportedDateTimeField#roundFloor(long):478;0.0
org.joda.time.field$UnsupportedDateTimeField#roundCeiling(long):487;0.0
org.joda.time.field$UnsupportedDateTimeField#roundHalfFloor(long):496;0.0
org.joda.time.field$UnsupportedDateTimeField#roundHalfCeiling(long):505;0.0
org.joda.time.field$UnsupportedDateTimeField#roundHalfEven(long):514;0.0
org.joda.time.field$UnsupportedDateTimeField#remainder(long):523;0.0
org.joda.time.field$UnsupportedDateTimeField#toString():533;0.0
org.joda.time.field$UnsupportedDateTimeField#readResolve():540;0.0
org.joda.time.field$UnsupportedDateTimeField#unsupported():544;0.0
org.joda.time.format$DateTimeFormatterBuilder$TextField#DateTimeFormatterBuilder$TextField(org.joda.time.DateTimeFieldType,boolean):1687;0.0
org.joda.time.format$DateTimeFormatterBuilder$TextField#<clinit>():1681;0.0
org.joda.time.format$DateTimeFormatterBuilder$TextField#estimatePrintedLength():1693;0.0
org.joda.time.format$DateTimeFormatterBuilder$TextField#printTo(java.lang.StringBuffer,long,org.joda.time.Chronology,int,org.joda.time.DateTimeZone,java.util.Locale):1700;0.0
org.joda.time.format$DateTimeFormatterBuilder$TextField#printTo(java.io.Writer,long,org.joda.time.Chronology,int,org.joda.time.DateTimeZone,java.util.Locale):1710;0.0
org.joda.time.format$DateTimeFormatterBuilder$TextField#printTo(java.lang.StringBuffer,org.joda.time.ReadablePartial,java.util.Locale):1718;0.0
org.joda.time.format$DateTimeFormatterBuilder$TextField#printTo(java.io.Writer,org.joda.time.ReadablePartial,java.util.Locale):1726;0.0
org.joda.time.format$DateTimeFormatterBuilder$TextField#print(long,org.joda.time.Chronology,java.util.Locale):1733;0.0
org.joda.time.format$DateTimeFormatterBuilder$TextField#print(org.joda.time.ReadablePartial,java.util.Locale):1742;0.0
org.joda.time.format$DateTimeFormatterBuilder$TextField#estimateParsedLength():1755;0.0
org.joda.time.format$DateTimeFormatterBuilder$TextField#parseInto(org.joda.time.format.DateTimeParserBucket,java.lang.String,int):1760;0.0
org.joda.time$DateTime$Property#DateTime$Property(org.joda.time.DateTime,org.joda.time.DateTimeField):1926;0.0
org.joda.time$DateTime$Property#writeObject(java.io.ObjectOutputStream):1935;0.0
org.joda.time$DateTime$Property#readObject(java.io.ObjectInputStream):1943;0.0
org.joda.time$DateTime$Property#getField():1955;0.0
org.joda.time$DateTime$Property#getMillis():1964;0.0
org.joda.time$DateTime$Property#getChronology():1974;0.0
org.joda.time$DateTime$Property#getDateTime():1983;0.0
org.joda.time$DateTime$Property#addToCopy(int):2000;0.0
org.joda.time$DateTime$Property#addToCopy(long):2016;0.0
org.joda.time$DateTime$Property#addWrapFieldToCopy(int):2034;0.0
org.joda.time$DateTime$Property#setCopy(int):2051;0.0
org.joda.time$DateTime$Property#setCopy(java.lang.String,java.util.Locale):2068;0.0
org.joda.time$DateTime$Property#setCopy(java.lang.String):2084;0.0
org.joda.time$DateTime$Property#withMaximumValue():2104;0.0
org.joda.time$DateTime$Property#withMinimumValue():2117;0.0
org.joda.time$DateTime$Property#roundFloorCopy():2127;0.0
org.joda.time$DateTime$Property#roundCeilingCopy():2136;0.0
org.joda.time$DateTime$Property#roundHalfFloorCopy():2146;0.0
org.joda.time$DateTime$Property#roundHalfCeilingCopy():2156;0.0
org.joda.time$DateTime$Property#roundHalfEvenCopy():2167;0.0
org.joda.time.format$DateTimeFormatterBuilder$FixedNumber#DateTimeFormatterBuilder$FixedNumber(org.joda.time.DateTimeFieldType,int,boolean):1455;0.0
org.joda.time.format$DateTimeFormatterBuilder$FixedNumber#parseInto(org.joda.time.format.DateTimeParserBucket,java.lang.String,int):1459;0.0
org.joda.time.format$DateTimeFormatterBuilder$TwoDigitYear#DateTimeFormatterBuilder$TwoDigitYear(org.joda.time.DateTimeFieldType,int,boolean):1494;0.0
org.joda.time.format$DateTimeFormatterBuilder$TwoDigitYear#estimateParsedLength():1501;0.0
org.joda.time.format$DateTimeFormatterBuilder$TwoDigitYear#parseInto(org.joda.time.format.DateTimeParserBucket,java.lang.String,int):1505;0.0
org.joda.time.format$DateTimeFormatterBuilder$TwoDigitYear#estimatePrintedLength():1604;0.0
org.joda.time.format$DateTimeFormatterBuilder$TwoDigitYear#printTo(java.lang.StringBuffer,long,org.joda.time.Chronology,int,org.joda.time.DateTimeZone,java.util.Locale):1610;0.0
org.joda.time.format$DateTimeFormatterBuilder$TwoDigitYear#printTo(java.io.Writer,long,org.joda.time.Chronology,int,org.joda.time.DateTimeZone,java.util.Locale):1622;0.0
org.joda.time.format$DateTimeFormatterBuilder$TwoDigitYear#getTwoDigitYear(long,org.joda.time.Chronology):1633;0.0
org.joda.time.format$DateTimeFormatterBuilder$TwoDigitYear#printTo(java.lang.StringBuffer,org.joda.time.ReadablePartial,java.util.Locale):1644;0.0
org.joda.time.format$DateTimeFormatterBuilder$TwoDigitYear#printTo(java.io.Writer,org.joda.time.ReadablePartial,java.util.Locale):1654;0.0
org.joda.time.format$DateTimeFormatterBuilder$TwoDigitYear#getTwoDigitYear(org.joda.time.ReadablePartial):1664;0.0
org.joda.time.format$DateTimeFormatterBuilder$TimeZoneName#DateTimeFormatterBuilder$TimeZoneName(int):2410;0.0
org.joda.time.format$DateTimeFormatterBuilder$TimeZoneName#estimatePrintedLength():2415;0.0
org.joda.time.format$DateTimeFormatterBuilder$TimeZoneName#printTo(java.lang.StringBuffer,long,org.joda.time.Chronology,int,org.joda.time.DateTimeZone,java.util.Locale):2421;0.0
org.joda.time.format$DateTimeFormatterBuilder$TimeZoneName#printTo(java.io.Writer,long,org.joda.time.Chronology,int,org.joda.time.DateTimeZone,java.util.Locale):2427;0.0
org.joda.time.format$DateTimeFormatterBuilder$TimeZoneName#print(long,org.joda.time.DateTimeZone,java.util.Locale):2431;0.0
org.joda.time.format$DateTimeFormatterBuilder$TimeZoneName#printTo(java.lang.StringBuffer,org.joda.time.ReadablePartial,java.util.Locale):2447;0.0
org.joda.time.format$DateTimeFormatterBuilder$TimeZoneName#printTo(java.io.Writer,org.joda.time.ReadablePartial,java.util.Locale):2451;0.0
org.joda.time.tz$DateTimeZoneBuilder$RuleSet#DateTimeZoneBuilder$RuleSet():963;0.0
org.joda.time.tz$DateTimeZoneBuilder$RuleSet#DateTimeZoneBuilder$RuleSet(org.joda.time.tz.DateTimeZoneBuilder$RuleSet):971;0.0
org.joda.time.tz$DateTimeZoneBuilder$RuleSet#<clinit>():948;0.0
org.joda.time.tz$DateTimeZoneBuilder$RuleSet#getStandardOffset():981;0.0
org.joda.time.tz$DateTimeZoneBuilder$RuleSet#setStandardOffset(int):985;0.0
org.joda.time.tz$DateTimeZoneBuilder$RuleSet#setFixedSavings(java.lang.String,int):989;0.0
org.joda.time.tz$DateTimeZoneBuilder$RuleSet#addRule(org.joda.time.tz.DateTimeZoneBuilder$Rule):994;0.0
org.joda.time.tz$DateTimeZoneBuilder$RuleSet#setUpperLimit(int,org.joda.time.tz.DateTimeZoneBuilder$OfYear):1000;0.0
org.joda.time.tz$DateTimeZoneBuilder$RuleSet#firstTransition(long):1011;0.0
org.joda.time.tz$DateTimeZoneBuilder$RuleSet#nextTransition(long,int):1082;0.0
org.joda.time.tz$DateTimeZoneBuilder$RuleSet#getUpperLimit(int):1131;0.0
org.joda.time.tz$DateTimeZoneBuilder$RuleSet#buildTailZone(java.lang.String):1141;0.0
org.joda.time.tz$DateTimeZoneBuilder$Rule#DateTimeZoneBuilder$Rule(org.joda.time.tz.DateTimeZoneBuilder$Recurrence,int,int):816;0.0
org.joda.time.tz$DateTimeZoneBuilder$Rule#getFromYear():823;0.0
org.joda.time.tz$DateTimeZoneBuilder$Rule#getToYear():827;0.0
org.joda.time.tz$DateTimeZoneBuilder$Rule#getOfYear():831;0.0
org.joda.time.tz$DateTimeZoneBuilder$Rule#getNameKey():835;0.0
org.joda.time.tz$DateTimeZoneBuilder$Rule#getSaveMillis():839;0.0
org.joda.time.tz$DateTimeZoneBuilder$Rule#next(long,int,int):843;0.0
org.joda.time.tz$DateTimeZoneBuilder$Transition#DateTimeZoneBuilder$Transition(long,org.joda.time.tz.DateTimeZoneBuilder$Transition):883;0.0
org.joda.time.tz$DateTimeZoneBuilder$Transition#DateTimeZoneBuilder$Transition(long,org.joda.time.tz.DateTimeZoneBuilder$Rule,int):890;0.0
org.joda.time.tz$DateTimeZoneBuilder$Transition#DateTimeZoneBuilder$Transition(long,java.lang.String,int,int):898;0.0
org.joda.time.tz$DateTimeZoneBuilder$Transition#getMillis():906;0.0
org.joda.time.tz$DateTimeZoneBuilder$Transition#getNameKey():910;0.0
org.joda.time.tz$DateTimeZoneBuilder$Transition#getWallOffset():914;0.0
org.joda.time.tz$DateTimeZoneBuilder$Transition#getStandardOffset():918;0.0
org.joda.time.tz$DateTimeZoneBuilder$Transition#getSaveMillis():922;0.0
org.joda.time.tz$DateTimeZoneBuilder$Transition#isTransitionFrom(org.joda.time.tz.DateTimeZoneBuilder$Transition):929;0.0
org.joda.time$DateTimeZone$1#getZone():605;0.0
org.joda.time$DateTimeZone$1#withUTC():608;0.0
org.joda.time$DateTimeZone$1#withZone(org.joda.time.DateTimeZone):611;0.0
org.joda.time$DateTimeZone$1#toString():614;0.0
org.joda.time$DateTimeUtils$OffsetMillisProvider#DateTimeUtils$OffsetMillisProvider(long):438;0.0
org.joda.time$DateTimeUtils$OffsetMillisProvider#getMillis():447;0.0
